"TAIR","SYMBOL","interaction_direction","present_in_atlas","detected_in_atlas"
"AT1G04180","YUC9; YUCCA9","Negative",TRUE,TRUE
"AT4G39400","ATBRI1; BIN1; BRI1; CBB2; DWF2","Negative",TRUE,TRUE
"AT1G56600","AtGolS2; GolS2","Positive",TRUE,TRUE
"AT5G66985","HUP44","Negative",TRUE,TRUE
"AT1G14960",NA,"Negative",TRUE,TRUE
"AT1G77380","AAP3; ATAAP3","Positive",TRUE,TRUE
"AT1G72470","ATEXO70D1; EXO70D1","Negative",TRUE,TRUE
"AT1G69810","ATWRKY36; WRKY36","Negative",TRUE,TRUE
"AT2G36640","ATECP63; ECP63","Positive",TRUE,TRUE
"AT2G44130","KFB39; KMD3","Positive",TRUE,TRUE
"AT3G27170","ATCLC-B; CLC-B","Negative",TRUE,TRUE
"AT3G11340","UGT76B1","Negative",TRUE,TRUE
"AT2G44340","VQ18","Negative",TRUE,TRUE
"AT4G11210",NA,"Negative",TRUE,TRUE
"AT5G28510","BGLU24","Positive",TRUE,TRUE
"AT5G09640","SCPL19; SNG2","Positive",TRUE,TRUE
"AT4G01720","AtWRKY47; WRKY47","Negative",TRUE,TRUE
"AT1G72300","PSY1R","Negative",TRUE,TRUE
"AT5G42500",NA,"Negative",TRUE,TRUE
"AT1G70890","MLP43","Negative",TRUE,TRUE
"AT4G01140",NA,"Negative",TRUE,TRUE
"AT1G29050","TBL38","Negative",TRUE,TRUE
"AT5G36180","scpl1","Negative",TRUE,TRUE
"AT5G52400","CYP715A1","Positive",TRUE,TRUE
"AT5G48290",NA,"Negative",TRUE,TRUE
"AT2G35910","ATL70","Negative",TRUE,TRUE
"AT2G20350",NA,"Positive",TRUE,TRUE
"AT5G20710","BGAL7","Negative",TRUE,TRUE
"AT5G24030","SLAH3","Negative",TRUE,TRUE
"AT2G25150",NA,"Negative",TRUE,TRUE
"AT4G15390",NA,"Negative",TRUE,TRUE
"AT5G05790",NA,"Negative",TRUE,TRUE
"AT4G23220","CRK14","Positive",TRUE,TRUE
"AT3G12580","ATHSP70; HSC70-4; HSP70; HSP70-4","Positive",TRUE,TRUE
"AT4G17250",NA,"Positive",TRUE,TRUE
"AT1G28660","GGL2; GGL4","Negative",TRUE,TRUE
"AT4G23550","ATWRKY29; WRKY29","Negative",TRUE,TRUE
"AT5G43350","ATPT1; PHT1;1; PT1","Negative",TRUE,TRUE
"AT5G04960","PME46; PMEI-PME46","Negative",TRUE,TRUE
"AT1G63720",NA,"Positive",TRUE,TRUE
"AT4G28890","ATL42","Negative",TRUE,TRUE
"AT3G50970","LTI30; XERO2","Positive",TRUE,TRUE
"AT4G10310","ATHKT1; HKT1; HKT1;1","Positive",TRUE,TRUE
"AT1G70690","HWI1; PDLP5","Negative",TRUE,TRUE
"AT1G78280","JMJ21","Positive",TRUE,TRUE
"AT5G63770","ATDGK2; DGK2","Positive",TRUE,TRUE
"AT4G01090",NA,"Positive",TRUE,TRUE
"AT4G01680","AtMYB55; MYB55","Negative",TRUE,TRUE
"AT1G17420","ATLOX3; LOX3","Positive",TRUE,TRUE
"AT5G02350",NA,"Negative",TRUE,TRUE
"AT1G09090","ATRBOHB; ATRBOHB-BETA; RBOHB","Negative",TRUE,TRUE
"AT5G14340","AtMYB40; MYB40","Negative",TRUE,TRUE
"AT1G72430","SAUR78","Negative",TRUE,TRUE
"AT2G44070",NA,"Positive",TRUE,TRUE
"AT1G56060","AthCYSTM3","Positive",TRUE,TRUE
"AT5G27100","ATGLR2.1; GLR2.1","Negative",TRUE,TRUE
"AT3G14560",NA,"Positive",TRUE,TRUE
"AT3G47660","PRAF2","Positive",TRUE,TRUE
"AT5G38100",NA,"Negative",TRUE,TRUE
"AT5G48430",NA,"Negative",TRUE,TRUE
"AT5G52870","MAKR5","Negative",TRUE,TRUE
"AT2G44940","ERF34","Negative",TRUE,TRUE
"AT3G09220","LAC7","Negative",TRUE,TRUE
"AT2G39430",NA,"Negative",TRUE,TRUE
"AT4G08620","SULTR1;1","Negative",TRUE,TRUE
"AT4G12545",NA,"Negative",TRUE,TRUE
"AT5G44310",NA,"Positive",TRUE,TRUE
"AT5G15960","KIN1","Positive",TRUE,TRUE
"AT2G21510",NA,"Positive",TRUE,TRUE
"AT4G36220","CYP84A1; F5H; FAH1","Negative",TRUE,TRUE
"AT3G07600",NA,"Negative",TRUE,TRUE
"AT1G66950","ABCG39; ATPDR11; PDR11","Positive",TRUE,FALSE
"AT3G62990",NA,"Positive",TRUE,TRUE
"AT5G10100","TPPI","Positive",TRUE,TRUE
"AT4G04745",NA,"Negative",TRUE,TRUE
"AT5G57030","LUT2","Positive",TRUE,TRUE
"AT2G28650","ATEXO70H8; EXO70H8","Negative",TRUE,TRUE
"AT2G43060","AtIBH1; IBH1","Negative",TRUE,TRUE
"AT4G27410","ANAC072; ANAC72; AtRD26; RD26","Positive",TRUE,TRUE
"AT5G03620",NA,"Positive",TRUE,TRUE
"AT3G20940","CYP705A30","Negative",TRUE,TRUE
"AT1G66090","TN3","Positive",TRUE,TRUE
"AT1G66440",NA,"Negative",TRUE,TRUE
"AT5G43650","BHLH92","Positive",TRUE,TRUE
"AT5G53250","AGP22; ATAGP22","Negative",TRUE,TRUE
"AT3G09290","TAC1","Negative",TRUE,TRUE
"AT4G18430","AtRABA1e; RABA1e","Negative",TRUE,TRUE
"AT1G32960","ATSBT3.3; SBT3.3","Positive",TRUE,TRUE
"AT2G31690","DALL5","Positive",TRUE,TRUE
"AT2G23600","ACL; ATME8; ATMES2; ME8; MES2","Positive",TRUE,TRUE
"AT1G65310","ATXTH17; XTH17","Negative",TRUE,TRUE
"AT1G49310",NA,"Positive",TRUE,TRUE
"AT3G22240","AthCYSTM9","Negative",TRUE,TRUE
"AT2G41380",NA,"Negative",TRUE,TRUE
"AT5G20230","ATBCB; BCB; SAG14","Positive",TRUE,TRUE
"AT3G22910","ACA13","Positive",TRUE,TRUE
"AT5G20045",NA,"Negative",TRUE,TRUE
"AT1G26970","PBL4","Negative",TRUE,TRUE
"AT1G06180","ATMYB13; ATMYBLFGN; MYB13","Negative",TRUE,TRUE
"AT5G04370","NAMT1","Positive",TRUE,TRUE
"AT2G32560",NA,"Negative",TRUE,TRUE
"AT4G17340","DELTA-TIP2; TIP2;2","Negative",TRUE,TRUE
"AT5G57480",NA,"Negative",TRUE,TRUE
"AT5G07985",NA,"Positive",FALSE,FALSE
"AT1G52890","ANAC019; ANAC19; NAC019","Positive",TRUE,TRUE
"AT4G35060","AtHMP39; HIPP25","Negative",TRUE,TRUE
"AT4G17670",NA,"Negative",TRUE,TRUE
"AT1G11925",NA,"Positive",TRUE,TRUE
"AT5G13910","LEP","Negative",TRUE,TRUE
"AT1G44050",NA,"Negative",TRUE,TRUE
"AT5G42590","CYP71A16; MRO","Negative",TRUE,TRUE
"AT5G22690",NA,"Positive",TRUE,TRUE
"AT5G51500","PMEI-PME60","Negative",TRUE,TRUE
"AT4G08040","ACS11","Negative",TRUE,TRUE
"AT5G01040","LAC8","Positive",TRUE,TRUE
"AT1G18860","ATWRKY61; WRKY61","Negative",TRUE,TRUE
"AT5G14700",NA,"Positive",TRUE,TRUE
"AT5G09978","PEP7","Negative",TRUE,TRUE
"AT3G21320",NA,"Positive",TRUE,TRUE
"AT5G22540",NA,"Positive",TRUE,TRUE
"AT3G59620",NA,"Positive",TRUE,TRUE
"AT3G48520","CYP94B3","Positive",TRUE,TRUE
"AT1G65500","STMP6","Positive",TRUE,TRUE
"AT1G66930","LRK10L2","Negative",TRUE,TRUE
"AT1G09930","ATOPT2; OPT2","Positive",TRUE,TRUE
"AT5G57540","AtXTH13; XTH13","Negative",TRUE,TRUE
"AT3G02240","GLV4; RGF7","Negative",TRUE,TRUE
"AT3G27540",NA,"Positive",TRUE,TRUE
"AT4G01870",NA,"Positive",TRUE,TRUE
"AT5G46900",NA,"Negative",TRUE,TRUE
"AT3G51810","AT3; ATEM1; EM1; GEA1","Positive",TRUE,TRUE
"AT2G47360",NA,"Negative",TRUE,TRUE
"AT2G33110","ATVAMP723; VAMP723","Positive",TRUE,TRUE
"AT1G30190",NA,"Positive",TRUE,TRUE
"AT3G55230",NA,"Negative",TRUE,TRUE
"AT2G40250",NA,"Negative",TRUE,TRUE
"AT5G11570","NPF1.3","Negative",TRUE,TRUE
