"TAIR","SYMBOL","interaction_direction","population_rank1","population_rank2","average_normalized_expression_rank1","average_normalized_expression_rank2","expression_z_rank1","expression_z_rank2","detection_rate_rank1","detection_rate_rank2","delta_z","preferred_population","preferred_population_detection_rate","strong_candidate","GO_ID","GO_term"
"AT2G36640","ATECP63; ECP63","Positive","Mature","Stele",0.0826887726151618,0.0524223760193119,2.48712948395539,1.21937888655184,0.0617283950617284,0.0778443113772455,1.26775059740355,"Mature",0.0617283950617284,FALSE,"GO:0009631","cold acclimation"
"AT3G50970","LTI30; XERO2","Positive","Mature-like","Atrichoblast",3.52844461237552,2.30639606801271,2.52691629552076,0.793413497402378,0.97790585975024,0.949579831932773,1.73350279811838,"Mature-like",0.97790585975024,TRUE,"GO:0009631","cold acclimation"
"AT5G15960","KIN1","Positive","Stele","QC/Columella",0.621345471751656,0.487851785536712,1.96249467059302,1.13183735755492,0.374251497005988,0.37037037037037,0.830657313038101,"Stele",0.374251497005988,FALSE,"GO:0009631","cold acclimation"
"AT1G56600","AtGolS2; GolS2","Positive","Mature","Stele",0.727684002928611,0.45744825976396,2.42102180228479,1.06886514101382,0.567901234567901,0.344311377245509,1.35215666127097,"Mature",0.567901234567901,TRUE,"GO:0009409","response to cold"
"AT1G65500","STMP6","Positive","Mature","Meristem",0.083515644878345,0.000762389293827053,3.01491873554198,-0.277630543665521,0.0740740740740741,0.0013986013986014,3.2925492792075,"Mature",0.0740740740740741,FALSE,"GO:0009409","response to cold"
"AT2G36640","ATECP63; ECP63","Positive","Mature","Stele",0.0826887726151618,0.0524223760193119,2.48712948395539,1.21937888655184,0.0617283950617284,0.0778443113772455,1.26775059740355,"Mature",0.0617283950617284,FALSE,"GO:0009409","response to cold"
"AT3G50970","LTI30; XERO2","Positive","Mature-like","Atrichoblast",3.52844461237552,2.30639606801271,2.52691629552076,0.793413497402378,0.97790585975024,0.949579831932773,1.73350279811838,"Mature-like",0.97790585975024,TRUE,"GO:0009409","response to cold"
"AT5G15960","KIN1","Positive","Stele","QC/Columella",0.621345471751656,0.487851785536712,1.96249467059302,1.13183735755492,0.374251497005988,0.37037037037037,0.830657313038101,"Stele",0.374251497005988,FALSE,"GO:0009409","response to cold"
"AT5G20230","ATBCB; BCB; SAG14","Positive","Mature","Mature-like",3.04527021857794,2.67162990763795,2.15931440186975,1.79761779495388,0.925925925925926,0.835734870317003,0.361696606915868,"Mature",0.925925925925926,FALSE,"GO:0009409","response to cold"
"AT5G63770","ATDGK2; DGK2","Positive","Cortex","Atrichoblast",0.131624599347055,0.125740098490623,1.50677118573369,1.30596545408673,0.297297297297297,0.342436974789916,0.200805731646958,"Cortex",0.297297297297297,FALSE,"GO:0009409","response to cold"
"AT1G52890","ANAC019; ANAC19; NAC019","Positive","Stele","Endodermis",0.156921809709443,0.0686416800488231,2.68553265011999,0.813597876308784,0.188622754491018,0.0795454545454545,1.8719347738112,"Stele",0.188622754491018,TRUE,"GO:0001101","response to acid chemical"
"AT1G56600","AtGolS2; GolS2","Positive","Mature","Stele",0.727684002928611,0.45744825976396,2.42102180228479,1.06886514101382,0.567901234567901,0.344311377245509,1.35215666127097,"Mature",0.567901234567901,TRUE,"GO:0001101","response to acid chemical"
"AT1G65500","STMP6","Positive","Mature","Meristem",0.083515644878345,0.000762389293827053,3.01491873554198,-0.277630543665521,0.0740740740740741,0.0013986013986014,3.2925492792075,"Mature",0.0740740740740741,FALSE,"GO:0001101","response to acid chemical"
"AT3G50970","LTI30; XERO2","Positive","Mature-like","Atrichoblast",3.52844461237552,2.30639606801271,2.52691629552076,0.793413497402378,0.97790585975024,0.949579831932773,1.73350279811838,"Mature-like",0.97790585975024,TRUE,"GO:0001101","response to acid chemical"
"AT4G27410","ANAC072; ANAC72; AtRD26; RD26","Positive","Stele","Endodermis",0.506345272058676,0.490778962836618,1.94550759213354,1.85889124180272,0.416167664670659,0.357954545454545,0.0866163503308195,"Stele",0.416167664670659,FALSE,"GO:0001101","response to acid chemical"
"AT5G15960","KIN1","Positive","Stele","QC/Columella",0.621345471751656,0.487851785536712,1.96249467059302,1.13183735755492,0.374251497005988,0.37037037037037,0.830657313038101,"Stele",0.374251497005988,FALSE,"GO:0001101","response to acid chemical"
"AT1G52890","ANAC019; ANAC19; NAC019","Positive","Stele","Endodermis",0.156921809709443,0.0686416800488231,2.68553265011999,0.813597876308784,0.188622754491018,0.0795454545454545,1.8719347738112,"Stele",0.188622754491018,TRUE,"GO:0009415","response to water"
"AT1G56600","AtGolS2; GolS2","Positive","Mature","Stele",0.727684002928611,0.45744825976396,2.42102180228479,1.06886514101382,0.567901234567901,0.344311377245509,1.35215666127097,"Mature",0.567901234567901,TRUE,"GO:0009415","response to water"
"AT1G65500","STMP6","Positive","Mature","Meristem",0.083515644878345,0.000762389293827053,3.01491873554198,-0.277630543665521,0.0740740740740741,0.0013986013986014,3.2925492792075,"Mature",0.0740740740740741,FALSE,"GO:0009415","response to water"
"AT3G50970","LTI30; XERO2","Positive","Mature-like","Atrichoblast",3.52844461237552,2.30639606801271,2.52691629552076,0.793413497402378,0.97790585975024,0.949579831932773,1.73350279811838,"Mature-like",0.97790585975024,TRUE,"GO:0009415","response to water"
"AT4G27410","ANAC072; ANAC72; AtRD26; RD26","Positive","Stele","Endodermis",0.506345272058676,0.490778962836618,1.94550759213354,1.85889124180272,0.416167664670659,0.357954545454545,0.0866163503308195,"Stele",0.416167664670659,FALSE,"GO:0009415","response to water"
"AT5G15960","KIN1","Positive","Stele","QC/Columella",0.621345471751656,0.487851785536712,1.96249467059302,1.13183735755492,0.374251497005988,0.37037037037037,0.830657313038101,"Stele",0.374251497005988,FALSE,"GO:0009415","response to water"
"AT1G52890","ANAC019; ANAC19; NAC019","Positive","Stele","Endodermis",0.156921809709443,0.0686416800488231,2.68553265011999,0.813597876308784,0.188622754491018,0.0795454545454545,1.8719347738112,"Stele",0.188622754491018,TRUE,"GO:0009414","response to water deprivation"
"AT1G56600","AtGolS2; GolS2","Positive","Mature","Stele",0.727684002928611,0.45744825976396,2.42102180228479,1.06886514101382,0.567901234567901,0.344311377245509,1.35215666127097,"Mature",0.567901234567901,TRUE,"GO:0009414","response to water deprivation"
"AT1G65500","STMP6","Positive","Mature","Meristem",0.083515644878345,0.000762389293827053,3.01491873554198,-0.277630543665521,0.0740740740740741,0.0013986013986014,3.2925492792075,"Mature",0.0740740740740741,FALSE,"GO:0009414","response to water deprivation"
"AT3G50970","LTI30; XERO2","Positive","Mature-like","Atrichoblast",3.52844461237552,2.30639606801271,2.52691629552076,0.793413497402378,0.97790585975024,0.949579831932773,1.73350279811838,"Mature-like",0.97790585975024,TRUE,"GO:0009414","response to water deprivation"
"AT4G27410","ANAC072; ANAC72; AtRD26; RD26","Positive","Stele","Endodermis",0.506345272058676,0.490778962836618,1.94550759213354,1.85889124180272,0.416167664670659,0.357954545454545,0.0866163503308195,"Stele",0.416167664670659,FALSE,"GO:0009414","response to water deprivation"
"AT5G15960","KIN1","Positive","Stele","QC/Columella",0.621345471751656,0.487851785536712,1.96249467059302,1.13183735755492,0.374251497005988,0.37037037037037,0.830657313038101,"Stele",0.374251497005988,FALSE,"GO:0009414","response to water deprivation"
"AT1G17420","ATLOX3; LOX3","Positive","Mature","Stele",0.739867305259043,0.152805556213276,2.93491229476734,-0.00175009425443916,0.641975308641975,0.203592814371257,2.93666238902178,"Mature",0.641975308641975,TRUE,"GO:0009694","jasmonic acid metabolic process"
"AT2G23600","ACL; ATME8; ATMES2; ME8; MES2","Positive","Stele","Xylem",0.359525021940248,0.0900865637315617,2.9232564813845,0.441860716663118,0.431137724550898,0.114678899082569,2.48139576472138,"Stele",0.431137724550898,TRUE,"GO:0009694","jasmonic acid metabolic process"
"AT2G31690","DALL5","Positive","Mature","Meristem",0.101132057790389,0.00715389018312006,3.0057636785668,-0.110867339922125,0.111111111111111,0.013986013986014,3.11663101848893,"Mature",0.111111111111111,TRUE,"GO:0009694","jasmonic acid metabolic process"
"AT3G48520","CYP94B3","Positive","Stele","Endodermis",0.904291358220764,0.742765245938189,2.00311922131306,1.43951430918599,0.476047904191617,0.340909090909091,0.56360491212707,"Stele",0.476047904191617,FALSE,"GO:0009694","jasmonic acid metabolic process"
"AT1G17420","ATLOX3; LOX3","Positive","Mature","Stele",0.739867305259043,0.152805556213276,2.93491229476734,-0.00175009425443916,0.641975308641975,0.203592814371257,2.93666238902178,"Mature",0.641975308641975,TRUE,"GO:0001676","long-chain fatty acid metabolic process"
"AT2G23600","ACL; ATME8; ATMES2; ME8; MES2","Positive","Stele","Xylem",0.359525021940248,0.0900865637315617,2.9232564813845,0.441860716663118,0.431137724550898,0.114678899082569,2.48139576472138,"Stele",0.431137724550898,TRUE,"GO:0001676","long-chain fatty acid metabolic process"
"AT2G31690","DALL5","Positive","Mature","Meristem",0.101132057790389,0.00715389018312006,3.0057636785668,-0.110867339922125,0.111111111111111,0.013986013986014,3.11663101848893,"Mature",0.111111111111111,TRUE,"GO:0001676","long-chain fatty acid metabolic process"
"AT3G48520","CYP94B3","Positive","Stele","Endodermis",0.904291358220764,0.742765245938189,2.00311922131306,1.43951430918599,0.476047904191617,0.340909090909091,0.56360491212707,"Stele",0.476047904191617,FALSE,"GO:0001676","long-chain fatty acid metabolic process"
