"GO_term","preferred_population","n_genes","pathway_total","gene_fraction","fraction_label"
"cold acclimation","Mature",1,3,0.333333333333333,"33.33%"
"cold acclimation","Mature-like",1,3,0.333333333333333,"33.33%"
"cold acclimation","Stele",1,3,0.333333333333333,"33.33%"
"response to cold","Cortex",1,7,0.142857142857143,"14.29%"
"response to cold","Mature",4,7,0.571428571428571,"57.14%"
"response to cold","Mature-like",1,7,0.142857142857143,"14.29%"
"response to cold","Stele",1,7,0.142857142857143,"14.29%"
"response to acid chemical","Mature",2,6,0.333333333333333,"33.33%"
"response to acid chemical","Mature-like",1,6,0.166666666666667,"16.67%"
"response to acid chemical","Stele",3,6,0.5,"50.00%"
"response to water","Mature",2,6,0.333333333333333,"33.33%"
"response to water","Mature-like",1,6,0.166666666666667,"16.67%"
"response to water","Stele",3,6,0.5,"50.00%"
"response to water deprivation","Mature",2,6,0.333333333333333,"33.33%"
"response to water deprivation","Mature-like",1,6,0.166666666666667,"16.67%"
"response to water deprivation","Stele",3,6,0.5,"50.00%"
"jasmonic acid metabolic process","Mature",2,4,0.5,"50.00%"
"jasmonic acid metabolic process","Stele",2,4,0.5,"50.00%"
"long-chain fatty acid metabolic process","Mature",2,4,0.5,"50.00%"
"long-chain fatty acid metabolic process","Stele",2,4,0.5,"50.00%"
