"TAIR","SYMBOL","interaction_direction","log2FoldChange","preferred_population","preferred_average_normalized_expression","preferred_z","preferred_population_detection_rate"
"AT1G04180","YUC9; YUCCA9","Negative",-1.72444126887544,"QC/Columella",0.470855076850439,1.93535241048654,0.401234567901235
"AT1G06180","ATMYB13; ATMYBLFGN; MYB13","Negative",-1.17919366081855,"Cortex",0.235236371025223,1.64412609477916,0.425675675675676
"AT1G09090","ATRBOHB; ATRBOHB-BETA; RBOHB","Negative",-1.08867639815058,"Endodermis",0.287948184368275,2.81712516621076,0.352272727272727
"AT1G09930","ATOPT2; OPT2","Positive",2.29700145851768,"Stele",0.0107585177116205,2.4201640985686,0.0179640718562874
"AT1G11925",NA,"Positive",2.03926122876378,"Meristem-like",0.00131149915570517,3.01511344577764,0.00122850122850123
"AT1G14960",NA,"Negative",-2.70940826566846,"Trichoblast",0.308381042285684,2.03435176524932,0.459615384615385
"AT1G17420","ATLOX3; LOX3","Positive",2.21404146389508,"Mature",0.739867305259043,2.93491229476734,0.641975308641975
"AT1G18860","ATWRKY61; WRKY61","Negative",-1.78488937208167,"Trichoblast",0.0566690602766233,2.03855215282168,0.180769230769231
"AT1G26970","PBL4","Negative",-1.60672066418207,"Stele",0.196821763155763,2.12924575995858,0.290419161676647
"AT1G28660","GGL2; GGL4","Negative",-1.71456459678125,"Trichoblast",0.0550874680215429,2.43521716785458,0.2
"AT1G29050","TBL38","Negative",-1.036786264475,"Xylem",1.0623583144746,1.89266244862454,0.665137614678899
"AT1G30190",NA,"Positive",1.40238508250906,"Mature",0.0294378135438646,1.98857504261615,0.037037037037037
"AT1G32960","ATSBT3.3; SBT3.3","Positive",2.29335120801622,"Meristem",0.00029546199425206,3.01511344577764,0.0013986013986014
"AT1G44050",NA,"Negative",-1.24877244600657,"Trichoblast",0.0329783507898657,2.98146390133408,0.111538461538462
"AT1G49310",NA,"Positive",1.08743138840695,"Stele",0.391757665320508,2.91715337944968,0.362275449101796
"AT1G52890","ANAC019; ANAC19; NAC019","Positive",1.4735045454021,"Stele",0.156921809709443,2.68553265011999,0.188622754491018
"AT1G56060","AthCYSTM3","Positive",1.94512669123876,"Mature",0.292904041568081,2.9216696697187,0.358024691358025
"AT1G56600","AtGolS2; GolS2","Positive",2.04698210819202,"Mature",0.727684002928611,2.42102180228479,0.567901234567901
"AT1G63720",NA,"Positive",1.14984778400462,"Mature",0.49391867132536,2.83587903318858,0.580246913580247
"AT1G65310","ATXTH17; XTH17","Negative",-1.47996729637104,"Atrichoblast",0.382609507482251,2.81450415739236,0.352941176470588
"AT1G65500","STMP6","Positive",1.38928413584717,"Mature",0.083515644878345,3.01491873554198,0.0740740740740741
"AT1G66090","TN3","Positive",2.20410368097024,"Mature",0.365677744804344,2.89088253302171,0.395061728395062
"AT1G66440",NA,"Negative",-1.71128330914388,"Trichoblast",0.00926419941132292,2.95250010173321,0.0346153846153846
"AT1G66930","LRK10L2","Negative",-1.72008297926752,"Trichoblast",0.0121221372418817,2.10276367645766,0.05
"AT1G69810","ATWRKY36; WRKY36","Negative",-1.19358562700619,"Atrichoblast",0.480596150807861,1.69190655233314,0.76890756302521
"AT1G70690","HWI1; PDLP5","Negative",-1.22616087305977,"Mature-like",0.402454291667449,1.85746025790615,0.463016330451489
"AT1G70890","MLP43","Negative",-1.44642788019455,"Endodermis",0.0497647033755304,3.00707313654851,0.0625
"AT1G72300","PSY1R","Negative",-1.58180374786453,"Trichoblast",0.0800488953545377,2.23551391308099,0.201923076923077
"AT1G72430","SAUR78","Negative",-1.14338710104547,"Xylem",1.15743592392825,1.97308212182821,0.68348623853211
"AT1G72470","ATEXO70D1; EXO70D1","Negative",-1.0259510636015,"Atrichoblast",0.485218442599392,1.68264498191149,0.798319327731092
"AT1G77380","AAP3; ATAAP3","Positive",1.74668743756508,"Stele",0.0141530076007261,2.58682881386226,0.0119760479041916
"AT1G78280","JMJ21","Positive",1.82568231002151,"Mature",0.413338496419234,2.83614565808587,0.567901234567901
"AT2G20350",NA,"Positive",2.57297330752297,"Mature",0.00752785730033377,2.98069150054114,0.0123456790123457
"AT2G21510",NA,"Positive",1.75684913329933,"Mature",0.0899754279267441,2.71786988203548,0.123456790123457
"AT2G23600","ACL; ATME8; ATMES2; ME8; MES2","Positive",1.19584804590202,"Stele",0.359525021940248,2.9232564813845,0.431137724550898
"AT2G25150",NA,"Negative",-1.64996424146849,"Endodermis",0.0876516574451842,2.93190393621351,0.136363636363636
"AT2G28650","ATEXO70H8; EXO70H8","Negative",-1.10743054521859,"Stele",0.293126217043793,2.99291689751194,0.254491017964072
"AT2G31690","DALL5","Positive",1.71187588960037,"Mature",0.101132057790389,3.0057636785668,0.111111111111111
"AT2G32560",NA,"Negative",-1.1873332596431,"Xylem",0.400635851776881,1.85097909663171,0.532110091743119
"AT2G33110","ATVAMP723; VAMP723","Positive",1.10888735127785,"Mature",0.304895619005305,2.97565493023535,0.407407407407407
"AT2G35910","ATL70","Negative",-1.52068850855787,"Mature",0.378275423152351,2.51209219551905,0.493827160493827
"AT2G36640","ATECP63; ECP63","Positive",1.99115016290122,"Mature",0.0826887726151618,2.48712948395539,0.0617283950617284
"AT2G39430",NA,"Negative",-1.06352038769506,"Endodermis",0.058754763736295,2.42942051054962,0.0454545454545455
"AT2G40250",NA,"Negative",-2.86084454634663,"Trichoblast",0.0358688934883008,2.20009304093457,0.0788461538461538
"AT2G41380",NA,"Negative",-1.62860208922019,"Mature-like",0.278505217993934,1.93557332893332,0.285302593659942
"AT2G43060","AtIBH1; IBH1","Negative",-1.05256696817149,"Stele",0.0854013381793441,1.75763179340231,0.161676646706587
"AT2G44070",NA,"Positive",2.57289296233075,"Mature",0.164597782800022,2.99916183116432,0.234567901234568
"AT2G44130","KFB39; KMD3","Positive",2.06978503389309,"Mature",0.235681495809895,1.76884104166694,0.185185185185185
"AT2G44340","VQ18","Negative",-2.82755926578352,"Trichoblast",0.0110752770176732,2.36490662776135,0.0269230769230769
"AT2G44940","ERF34","Negative",-1.13679801947236,"Stele",0.490133303074896,2.80408721455353,0.461077844311377
"AT2G47360",NA,"Negative",-1.06216999738096,"Trichoblast",0.623621190929441,2.9326605268643,0.598076923076923
"AT3G02240","GLV4; RGF7","Negative",-2.58232156115238,"Trichoblast",0.0931991918290985,1.69167262771093,0.194230769230769
"AT3G07600",NA,"Negative",-1.64878645824955,"Mature",0.657665450833881,2.97918264901893,0.592592592592593
"AT3G09220","LAC7","Negative",-1.40061975574422,"Endodermis",0.0407556399279716,2.98225622023028,0.0397727272727273
"AT3G09290","TAC1","Negative",-2.88485967121794,"Endodermis",0.00654888699879737,2.06855921972248,0.0170454545454545
"AT3G11340","UGT76B1","Negative",-1.00096049712863,"Cortex",1.1844061487187,1.87457252413516,0.952702702702703
"AT3G12580","ATHSP70; HSC70-4; HSP70; HSP70-4","Positive",1.12814765520209,"QC/Columella",2.46172271168372,1.93234318423464,0.919753086419753
"AT3G14560",NA,"Positive",1.77396540582496,"Mature-like",0.210893128119171,1.8822387850467,0.245917387127762
"AT3G20940","CYP705A30","Negative",-1.09240967140652,"Mature-like",0.848912017373218,1.3879313710671,0.724303554274736
"AT3G21320",NA,"Positive",2.01801920633086,"Mature",0.0200995433698745,2.99577360044272,0.0246913580246914
"AT3G22240","AthCYSTM9","Negative",-1.1890605983947,"Endodermis",0.745890533985035,3.00910860681922,0.670454545454545
"AT3G22910","ACA13","Positive",1.27407457950215,"Mature",1.41231001383382,2.34717802148049,0.864197530864197
"AT3G27170","ATCLC-B; CLC-B","Negative",-2.09861229382896,"Cortex",0.336212220960621,2.93564935969126,0.527027027027027
"AT3G27540",NA,"Positive",1.19651550278847,"Mature",0.214544969158432,2.79180463448918,0.320987654320988
"AT3G47660","PRAF2","Positive",5.27746696756133,"Stele",0.00267128465414238,2.34192694638886,0.00598802395209581
"AT3G48520","CYP94B3","Positive",1.63975511113845,"Stele",0.904291358220764,2.00311922131306,0.476047904191617
"AT3G50970","LTI30; XERO2","Positive",1.1213419588549,"Mature-like",3.52844461237552,2.52691629552076,0.97790585975024
"AT3G51810","AT3; ATEM1; EM1; GEA1","Positive",2.14908891736074,"Stele",0.0222287912641865,2.14680692651735,0.032934131736527
"AT3G55230",NA,"Negative",-1.05864280865325,"Endodermis",0.0551357512962594,2.97514307797839,0.0340909090909091
"AT3G59620",NA,"Positive",5.69629670436994,"Endodermis",0.0583285190077777,3.0041235640918,0.0795454545454545
"AT3G62990",NA,"Positive",2.08838035316228,"Stele",0.177038651619958,3.00192702452114,0.176646706586826
"AT4G01090",NA,"Positive",1.59257235202094,"Mature",0.681272198946916,2.91289080590386,0.740740740740741
"AT4G01140",NA,"Negative",-2.00945325466858,"Cortex",0.79741498959625,1.68565376321499,0.763513513513513
"AT4G01680","AtMYB55; MYB55","Negative",-2.49712806100537,"Stele",0.281669924370224,2.66237520178674,0.380239520958084
"AT4G01720","AtWRKY47; WRKY47","Negative",-1.24700444964257,"Trichoblast",0.123894659816579,1.63363800815511,0.417307692307692
"AT4G01870",NA,"Positive",1.16965896343649,"Mature-like",1.90244104666406,1.7417284208073,0.84149855907781
"AT4G04745",NA,"Negative",-1.91310329099706,"Trichoblast",0.449482473422442,1.82569498797269,0.592307692307692
"AT4G08040","ACS11","Negative",-2.51565847516007,"Stele",0.151845049295999,2.798362791912,0.167664670658683
"AT4G08620","SULTR1;1","Negative",-1.88659649266484,"Trichoblast",0.0272463751796599,2.95702233910864,0.0461538461538462
"AT4G10310","ATHKT1; HKT1; HKT1;1","Positive",1.52708955133207,"Stele",0.0210038364475385,3.01462644356844,0.032934131736527
"AT4G11210",NA,"Negative",-1.6049516467354,"Xylem",2.68202790157394,2.08155642985498,0.775229357798165
"AT4G12545",NA,"Negative",-2.0267872267625,"Trichoblast",0.77481899950628,2.21516829515839,0.590384615384615
"AT4G15390",NA,"Negative",-1.38879120045859,"Mature",1.13363331747897,1.9392138876514,0.82716049382716
"AT4G17250",NA,"Positive",1.7784453004215,"Mature",0.095651896963527,2.95457383899772,0.135802469135802
"AT4G17340","DELTA-TIP2; TIP2;2","Negative",-1.10325288077999,"Trichoblast",1.13989325874459,2.11645360592419,0.561538461538462
"AT4G17670",NA,"Negative",-1.23044033768659,"Endodermis",0.553246855899264,2.25445671351087,0.602272727272727
"AT4G18430","AtRABA1e; RABA1e","Negative",-1.31163356369142,"Trichoblast",0.329494822453987,2.99907753085113,0.305769230769231
"AT4G23220","CRK14","Positive",2.82992118569744,"Mature",0.0165475491661051,3.01143788214769,0.037037037037037
"AT4G23550","ATWRKY29; WRKY29","Negative",-1.8365609541852,"Endodermis",0.00984137958538897,3.00766030121107,0.0227272727272727
"AT4G27410","ANAC072; ANAC72; AtRD26; RD26","Positive",1.40788682844608,"Stele",0.506345272058676,1.94550759213354,0.416167664670659
"AT4G28890","ATL42","Negative",-1.39804306627639,"Endodermis",0.31059899695662,2.85226930836621,0.471590909090909
"AT4G35060","AtHMP39; HIPP25","Negative",-1.32498070067296,"Cortex",0.814949156499893,1.85689178013437,0.810810810810811
"AT4G36220","CYP84A1; F5H; FAH1","Negative",-1.24783623311178,"Meristem",0.00981354436274218,1.87740118528235,0.0167832167832168
"AT4G39400","ATBRI1; BIN1; BRI1; CBB2; DWF2","Negative",-2.98604888635343,"QC/Columella",0.592907196254347,1.92362837478226,0.660493827160494
"AT5G01040","LAC8","Positive",1.45248411028131,"Mature",1.58141372067941,1.44742666981039,0.975308641975309
"AT5G02350",NA,"Negative",-1.21600938788874,"Trichoblast",0.282799455058289,2.14858901921475,0.6
"AT5G03620",NA,"Positive",3.25463681600375,"Stele",0.00770471034568309,2.90474636124531,0.0209580838323353
"AT5G04370","NAMT1","Positive",1.04650165006307,"Stele",0.0105738424618365,3.01488345081473,0.0209580838323353
"AT5G04960","PME46; PMEI-PME46","Negative",-1.35719708816369,"Trichoblast",0.382643183773028,3.01288920368132,0.207692307692308
"AT5G05790",NA,"Negative",-1.00315655566098,"Stele",0.863929795167859,2.97990732890413,0.688622754491018
"AT5G09640","SCPL19; SNG2","Positive",2.49406633150789,"Mature",0.0704237211073379,3.01407887601304,0.123456790123457
"AT5G09978","PEP7","Negative",-1.21117622460744,"Endodermis",0.351277674633215,2.14393479839824,0.210227272727273
"AT5G10100","TPPI","Positive",1.70467520381942,"Endodermis",0.36234951904504,1.64748441516537,0.477272727272727
"AT5G11570","NPF1.3","Negative",-1.38806061147263,"Stele",0.0560367966639816,2.63816966006615,0.110778443113772
"AT5G13910","LEP","Negative",-1.33443462092489,"Stele",0.843968372000141,2.36707850360231,0.619760479041916
"AT5G14340","AtMYB40; MYB40","Negative",-1.88752530766593,"Stele",0.619622862424728,2.51368335916675,0.55688622754491
"AT5G14700",NA,"Positive",1.87865812025226,"Mature",1.20248577053318,2.94613003470694,0.814814814814815
"AT5G15960","KIN1","Positive",1.28268935107574,"Stele",0.621345471751656,1.96249467059302,0.374251497005988
"AT5G20045",NA,"Negative",-1.79040617492877,"Mature-like",0.677282284426187,2.29872629261929,0.509125840537944
"AT5G20230","ATBCB; BCB; SAG14","Positive",1.7574067361109,"Mature",3.04527021857794,2.15931440186975,0.925925925925926
"AT5G20710","BGAL7","Negative",-2.53455956374412,"Trichoblast",0.0264989896087007,2.82765618595246,0.0884615384615385
"AT5G22540",NA,"Positive",1.6839930189871,"Mature",0.0632219879842526,2.68939194855408,0.123456790123457
"AT5G22690",NA,"Positive",1.52585937558067,"Mature",0.253214031764744,3.00474906516692,0.37037037037037
"AT5G24030","SLAH3","Negative",-1.34409110888543,"Cortex",0.190211543258918,1.9531473952801,0.371621621621622
"AT5G27100","ATGLR2.1; GLR2.1","Negative",-1.47938200481162,"Trichoblast",0.117572745249472,3.00443196810945,0.401923076923077
"AT5G28510","BGLU24","Positive",2.44781364481874,"Stele",0.0763776800959607,3.01428844045036,0.0868263473053892
"AT5G36180","scpl1","Negative",-1.61168250916166,"Endodermis",0.743607179888215,2.97379561508233,0.738636363636364
"AT5G38100",NA,"Negative",-1.37469090396726,"Mature-like",0.233257669920177,1.97469834729395,0.273775216138329
"AT5G42500",NA,"Negative",-1.56864995721748,"Endodermis",0.83120243849649,2.57569722551018,0.778409090909091
"AT5G42590","CYP71A16; MRO","Negative",-1.44488263368016,"Cortex",1.60837119563782,2.27684776773617,0.959459459459459
"AT5G43350","ATPT1; PHT1;1; PT1","Negative",-1.22803934235111,"Trichoblast",0.536298588572757,2.46340351142687,0.569230769230769
"AT5G43650","BHLH92","Positive",2.30539455957688,"Mature",2.05528129268132,2.97023456879645,0.962962962962963
"AT5G44310",NA,"Positive",3.57169096407992,"Trichoblast",0.00166258102742434,2.49471472576624,0.00576923076923077
"AT5G46900",NA,"Negative",-1.14621712862678,"Trichoblast",2.75780040836156,1.98369648351821,0.948076923076923
"AT5G48290",NA,"Negative",-1.16748300896808,"Endodermis",0.166347778491916,2.99840094384388,0.170454545454545
"AT5G48430",NA,"Negative",-1.39968565107729,"Atrichoblast",0.0855712499150868,1.94208558194639,0.197478991596639
"AT5G51500","PMEI-PME60","Negative",-1.17505068535868,"Atrichoblast",0.579767007076847,2.90259563488005,0.747899159663866
"AT5G52400","CYP715A1","Positive",2.42051842957844,"Mature",0.566912911526388,2.93849048262163,0.567901234567901
"AT5G52870","MAKR5","Negative",-1.01139711479932,"Stele",0.284867751096329,2.10701063141663,0.31437125748503
"AT5G53250","AGP22; ATAGP22","Negative",-1.138894860995,"Cortex",3.00613487469447,1.41831660233355,0.993243243243243
"AT5G57030","LUT2","Positive",1.91943434617527,"Mature",0.0226191838717009,1.2803224283722,0.037037037037037
"AT5G57480",NA,"Negative",-1.09600758300743,"Stele",0.476888457590992,2.48788444515145,0.535928143712575
"AT5G57540","AtXTH13; XTH13","Negative",-1.343442975401,"Trichoblast",0.106174036484573,3.0053185222945,0.0923076923076923
"AT5G63770","ATDGK2; DGK2","Positive",1.66389571460326,"Cortex",0.131624599347055,1.50677118573369,0.297297297297297
"AT5G66985","HUP44","Negative",-2.54543998303942,"Mature",0.0670038066274389,1.45421320374582,0.0864197530864197
