broad_population	replicate	n_cells	population_total	fraction_within_population	replicate_total	fraction_of_replicate
Mature	rep1	44	81	0.54320987654321	2341	0.0187953865869287
Mature	rep2	37	81	0.45679012345679	2344	0.0157849829351536
Mature-like	rep1	470	1041	0.451488952929875	2341	0.200768902178556
Mature-like	rep2	571	1041	0.548511047070125	2344	0.243600682593857
Meristem	rep1	384	715	0.537062937062937	2341	0.16403246475865
Meristem	rep2	331	715	0.462937062937063	2344	0.141211604095563
Meristem-like	rep1	433	814	0.531941031941032	2341	0.184963690730457
Meristem-like	rep2	381	814	0.468058968058968	2344	0.162542662116041
Atrichoblast	rep1	232	476	0.487394957983193	2341	0.0991029474583511
Atrichoblast	rep2	244	476	0.512605042016807	2344	0.104095563139932
Trichoblast	rep1	255	520	0.490384615384615	2341	0.108927808628791
Trichoblast	rep2	265	520	0.509615384615385	2344	0.113054607508532
Stele	rep1	170	334	0.508982035928144	2341	0.0726185390858607
Stele	rep2	164	334	0.491017964071856	2344	0.0699658703071672
Xylem	rep1	117	218	0.536697247706422	2341	0.0499786416061512
Xylem	rep2	101	218	0.463302752293578	2344	0.0430887372013652
Endodermis	rep1	60	176	0.340909090909091	2341	0.0256300726185391
Endodermis	rep2	116	176	0.659090909090909	2344	0.0494880546075085
Cortex	rep1	80	148	0.540540540540541	2341	0.0341734301580521
Cortex	rep2	68	148	0.45945945945946	2344	0.0290102389078498
QC/Columella	rep1	96	162	0.592592592592593	2341	0.0410081161896625
QC/Columella	rep2	66	162	0.407407407407407	2344	0.0281569965870307
