cluster	denyer_cluster_top50	denyer_cluster_top100	denyer_cluster_top200	denyer_identity_top50	denyer_identity_top100	denyer_identity_top200	n_overlap_top50	n_overlap_top100	n_overlap_top200	jaccard_top50	jaccard_top100	jaccard_top200	stable_best_match
0	1	1	1	Mature	Mature	Mature	6	9	22	0.0638297872340425	0.0471204188481675	0.0582010582010582	TRUE
1	10	10	10	Trichoblast	Trichoblast	Trichoblast	17	37	72	0.204819277108434	0.226993865030675	0.219512195121951	TRUE
2	3	3	3	Atrichoblast	Atrichoblast	Atrichoblast	13	29	67	0.149425287356322	0.169590643274854	0.201201201201201	TRUE
3	2	2	2	Meristerm	Meristerm	Meristerm	11	16	28	0.123595505617978	0.0869565217391304	0.0752688172043011	TRUE
4	6	6	6	Meristem	Meristem	Meristem	12	28	67	0.136363636363636	0.162790697674419	0.201201201201201	TRUE
5	7	7	7	Meristem	Meristem	Meristem	9	14	35	0.0989010989010989	0.0752688172043011	0.0958904109589041	TRUE
6	4	4	4	Stele	Stele	Stele	10	22	80	0.111111111111111	0.123595505617978	0.25	TRUE
7	8	8	8	Meristem	Meristem	Meristem	19	35	50	0.234567901234568	0.212121212121212	0.142857142857143	TRUE
8	12	12	12	Xylem	Xylem	Xylem	17	34	84	0.204819277108434	0.204819277108434	0.265822784810127	TRUE
9	13	13	13	Endodermis	Endodermis	Endodermis	17	38	97	0.204819277108434	0.234567901234568	0.32013201320132	TRUE
10	11	11	11	QC/Colummela	QC/Colummela	QC/Colummela	26	51	103	0.351351351351351	0.342281879194631	0.346801346801347	TRUE
11	9	9	9	Cortex	Cortex	Cortex	16	33	83	0.19047619047619	0.197604790419162	0.261829652996845	TRUE
12	1	1	1	Mature	Mature	Mature	2	6	18	0.0204081632653061	0.0309278350515464	0.0471204188481675	TRUE
13	14	14	14	Mature	Mature	Mature	9	28	61	0.0989010989010989	0.162790697674419	0.179941002949853	TRUE
