cluster	replicate	n_cells	cluster_total	fraction_within_cluster	replicate_total	fraction_of_replicate
0	rep1	404	914	0.442013129102845	2341	0.172575822298163
0	rep2	510	914	0.557986870897155	2344	0.217576791808874
1	rep1	255	520	0.490384615384615	2341	0.108927808628791
1	rep2	265	520	0.509615384615385	2344	0.113054607508532
2	rep1	232	476	0.487394957983193	2341	0.0991029474583511
2	rep2	244	476	0.512605042016807	2344	0.104095563139932
3	rep1	269	466	0.57725321888412	2341	0.11490815890645
3	rep2	197	466	0.42274678111588	2344	0.0840443686006826
4	rep1	224	432	0.518518518518518	2341	0.0956856044425459
4	rep2	208	432	0.481481481481481	2344	0.0887372013651877
5	rep1	164	348	0.471264367816092	2341	0.0700555318240068
5	rep2	184	348	0.528735632183908	2344	0.0784982935153584
6	rep1	170	334	0.508982035928144	2341	0.0726185390858607
6	rep2	164	334	0.491017964071856	2344	0.0699658703071672
7	rep1	160	283	0.565371024734982	2341	0.0683468603161042
7	rep2	123	283	0.434628975265018	2344	0.0524744027303754
8	rep1	117	218	0.536697247706422	2341	0.0499786416061512
8	rep2	101	218	0.463302752293578	2344	0.0430887372013652
9	rep1	60	176	0.340909090909091	2341	0.0256300726185391
9	rep2	116	176	0.659090909090909	2344	0.0494880546075085
10	rep1	96	162	0.592592592592593	2341	0.0410081161896625
10	rep2	66	162	0.407407407407407	2344	0.0281569965870307
11	rep1	80	148	0.540540540540541	2341	0.0341734301580521
11	rep2	68	148	0.45945945945946	2344	0.0290102389078498
12	rep1	66	127	0.519685039370079	2341	0.028193079880393
12	rep2	61	127	0.480314960629921	2344	0.0260238907849829
13	rep1	44	81	0.54320987654321	2341	0.0187953865869287
13	rep2	37	81	0.45679012345679	2344	0.0157849829351536
