"TAIR","SYMBOL","interaction_direction","population_rank1","population_rank2","average_normalized_expression_rank1","average_normalized_expression_rank2","expression_z_rank1","expression_z_rank2","detection_rate_rank1","detection_rate_rank2","delta_z","preferred_population","preferred_population_detection_rate","strong_candidate"
"AT5G51500","PMEI-PME60","Negative","Atrichoblast","Meristem",0.579767007076847,0.131236552040634,2.90259563488005,0.21272439411002,0.747899159663866,0.204195804195804,2.68987124077003,"Atrichoblast",0.747899159663866,TRUE
"AT1G65310","ATXTH17; XTH17","Negative","Atrichoblast","Trichoblast",0.382609507482251,0.115758514300016,2.81450415739236,0.379437327907448,0.352941176470588,0.242307692307692,2.43506682948491,"Atrichoblast",0.352941176470588,TRUE
"AT3G27170","ATCLC-B; CLC-B","Negative","Cortex","Endodermis",0.336212220960621,0.0784951700138347,2.93564935969126,0.389195534672046,0.527027027027027,0.142045454545455,2.54645382501921,"Cortex",0.527027027027027,TRUE
"AT5G42590","CYP71A16; MRO","Negative","Cortex","Mature",1.60837119563782,0.98025394475467,2.27684776773617,0.961177858093128,0.959459459459459,0.802469135802469,1.31566990964304,"Cortex",0.959459459459459,TRUE
"AT3G22240","AthCYSTM9","Negative","Endodermis","Cortex",0.745890533985035,0.0447546198361005,3.00910860681922,-0.152110178671031,0.670454545454545,0.0743243243243243,3.16121878549025,"Endodermis",0.670454545454545,TRUE
"AT5G48290",NA,"Negative","Endodermis","Xylem",0.166347778491916,0.0139952980548634,2.99840094384388,-0.0891632367339086,0.170454545454545,0.0229357798165138,3.08756418057779,"Endodermis",0.170454545454545,TRUE
"AT5G36180","scpl1","Negative","Endodermis","Cortex",0.743607179888215,0.128105764925514,2.97379561508233,0.164978954419613,0.738636363636364,0.22972972972973,2.80881666066272,"Endodermis",0.738636363636364,TRUE
"AT2G25150",NA,"Negative","Endodermis","Cortex",0.0876516574451842,0.0212273805744973,2.93190393621351,0.376624691782566,0.136363636363636,0.0337837837837838,2.55527924443094,"Endodermis",0.136363636363636,TRUE
"AT4G28890","ATL42","Negative","Endodermis","Cortex",0.31059899695662,0.0800505895194167,2.85226930836621,0.370577824928955,0.471590909090909,0.155405405405405,2.48169148343726,"Endodermis",0.471590909090909,TRUE
"AT1G09090","ATRBOHB; ATRBOHB-BETA; RBOHB","Negative","Endodermis","Cortex",0.287948184368275,0.107211574290897,2.81712516621076,0.786352711922528,0.352272727272727,0.175675675675676,2.03077245428823,"Endodermis",0.352272727272727,TRUE
"AT5G42500",NA,"Negative","Endodermis","Stele",0.83120243849649,0.481788233302206,2.57569722551018,1.28838852709824,0.778409090909091,0.431137724550898,1.28730869841194,"Endodermis",0.778409090909091,TRUE
"AT3G07600",NA,"Negative","Mature","Trichoblast",0.657665450833881,0.103266169323167,2.97918264901893,0.131373646908548,0.592592592592593,0.155769230769231,2.84780900211039,"Mature",0.592592592592593,TRUE
"AT2G35910","ATL70","Negative","Mature","Mature-like",0.378275423152351,0.21602148088713,2.51209219551905,1.11240597747969,0.493827160493827,0.300672430355427,1.39968621803937,"Mature",0.493827160493827,TRUE
"AT4G39400","ATBRI1; BIN1; BRI1; CBB2; DWF2","Negative","QC/Columella","Meristem",0.592907196254347,0.409240495883812,1.92362837478226,0.718073630315112,0.660493827160494,0.602797202797203,1.20555474446715,"QC/Columella",0.660493827160494,TRUE
"AT2G28650","ATEXO70H8; EXO70H8","Negative","Stele","Mature",0.293126217043793,0.0329486662650587,2.99291689751194,-0.000243066808902948,0.254491017964072,0.0246913580246914,2.99315996432084,"Stele",0.254491017964072,TRUE
"AT5G05790",NA,"Negative","Stele","Xylem",0.863929795167859,0.132513430793306,2.97990732890413,0.145403072055397,0.688622754491018,0.105504587155963,2.83450425684873,"Stele",0.688622754491018,TRUE
"AT4G01680","AtMYB55; MYB55","Negative","Stele","Endodermis",0.281669924370224,0.107906359109631,2.66237520178674,0.517474860016575,0.380239520958084,0.159090909090909,2.14490034177016,"Stele",0.380239520958084,TRUE
"AT2G44940","ERF34","Negative","Stele","Atrichoblast",0.490133303074896,0.196640195157688,2.80408721455353,0.660808659079793,0.461077844311377,0.373949579831933,2.14327855547374,"Stele",0.461077844311377,TRUE
"AT4G08040","ACS11","Negative","Stele","Xylem",0.151845049295999,0.0580282996266749,2.798362791912,0.793729746583774,0.167664670658683,0.055045871559633,2.00463304532822,"Stele",0.167664670658683,TRUE
"AT5G11570","NPF1.3","Negative","Stele","Endodermis",0.0560367966639816,0.0228194660354883,2.63816966006615,0.774116263300926,0.110778443113772,0.0454545454545455,1.86405339676523,"Stele",0.110778443113772,TRUE
"AT5G57480",NA,"Negative","Stele","Xylem",0.476888457590992,0.238590091578625,2.48788444515145,0.828532940383128,0.535928143712575,0.376146788990826,1.65935150476833,"Stele",0.535928143712575,TRUE
"AT5G14340","AtMYB40; MYB40","Negative","Stele","Xylem",0.619622862424728,0.31333193816572,2.51368335916675,0.969914583509311,0.55688622754491,0.31651376146789,1.54376877565744,"Stele",0.55688622754491,TRUE
"AT1G26970","PBL4","Negative","Stele","Cortex",0.196821763155763,0.12532838834918,2.12924575995858,1.02480817269055,0.290419161676647,0.283783783783784,1.10443758726804,"Stele",0.290419161676647,TRUE
"AT5G04960","PME46; PMEI-PME46","Negative","Trichoblast","Xylem",0.382643183773028,0.015509538455365,3.01288920368132,-0.222524152105021,0.207692307692308,0.0229357798165138,3.23541335578634,"Trichoblast",0.207692307692308,TRUE
"AT5G27100","ATGLR2.1; GLR2.1","Negative","Trichoblast","Meristem",0.117572745249472,0.00987450902605788,3.00443196810945,-0.13633752171144,0.401923076923077,0.0293706293706294,3.14076948982089,"Trichoblast",0.401923076923077,TRUE
"AT4G18430","AtRABA1e; RABA1e","Negative","Trichoblast","Endodermis",0.329494822453987,0.0413030994577436,2.99907753085113,-0.019948244024493,0.305769230769231,0.0681818181818182,3.01902577487562,"Trichoblast",0.305769230769231,TRUE
"AT1G44050",NA,"Negative","Trichoblast","Mature-like",0.0329783507898657,0.00412555036647365,2.98146390133408,0.00713628731708184,0.111538461538462,0.00576368876080692,2.974327614017,"Trichoblast",0.111538461538462,TRUE
"AT2G47360",NA,"Negative","Trichoblast","Xylem",0.623621190929441,0.146217208511849,2.9326605268643,0.277415909360708,0.598076923076923,0.142201834862385,2.65524461750359,"Trichoblast",0.598076923076923,TRUE
"AT1G28660","GGL2; GGL4","Negative","Trichoblast","Atrichoblast",0.0550874680215429,0.0277066135267686,2.43521716785458,0.809569341162872,0.2,0.0630252100840336,1.62564782669171,"Trichoblast",0.2,TRUE
"AT5G43350","ATPT1; PHT1;1; PT1","Negative","Trichoblast","Atrichoblast",0.536298588572757,0.352786095666797,2.46340351142687,1.39595701598318,0.569230769230769,0.504201680672269,1.06744649544369,"Trichoblast",0.569230769230769,TRUE
"AT5G09640","SCPL19; SNG2","Positive","Mature","Meristem",0.0704237211073379,0.00178710147527463,3.01407887601304,-0.235465836683586,0.123456790123457,0.0027972027972028,3.24954471269662,"Mature",0.123456790123457,TRUE
"AT5G22690",NA,"Positive","Mature","Trichoblast",0.253214031764744,0.0260751923175003,3.00474906516692,-0.21061853667762,0.37037037037037,0.0961538461538462,3.21536760184454,"Mature",0.37037037037037,TRUE
"AT2G31690","DALL5","Positive","Mature","Meristem",0.101132057790389,0.00715389018312006,3.0057636785668,-0.110867339922125,0.111111111111111,0.013986013986014,3.11663101848893,"Mature",0.111111111111111,TRUE
"AT5G43650","BHLH92","Positive","Mature","Mature-like",2.05528129268132,0.319299589522861,2.97023456879645,-0.0365087582446568,0.962962962962963,0.323727185398655,3.00674332704111,"Mature",0.962962962962963,TRUE
"AT2G44070",NA,"Positive","Mature","Xylem",0.164597782800022,0.0171431244262837,2.99916183116432,-0.00684896097297668,0.234567901234568,0.0229357798165138,3.00601079213729,"Mature",0.234567901234568,TRUE
"AT2G33110","ATVAMP723; VAMP723","Positive","Mature","Meristem",0.304895619005305,0.0629162866367114,2.97565493023535,0.0179482965108562,0.407407407407407,0.121678321678322,2.95770663372449,"Mature",0.407407407407407,TRUE
"AT1G17420","ATLOX3; LOX3","Positive","Mature","Stele",0.739867305259043,0.152805556213276,2.93491229476734,-0.00175009425443916,0.641975308641975,0.203592814371257,2.93666238902178,"Mature",0.641975308641975,TRUE
"AT5G52400","CYP715A1","Positive","Mature","Endodermis",0.566912911526388,0.114558402842938,2.93849048262163,0.0867644397510201,0.567901234567901,0.136363636363636,2.85172604287061,"Mature",0.567901234567901,TRUE
"AT1G56060","AthCYSTM3","Positive","Mature","Meristem",0.292904041568081,0.0688495675912606,2.9216696697187,0.116486766206529,0.358024691358025,0.134265734265734,2.80518290351217,"Mature",0.358024691358025,TRUE
"AT4G17250",NA,"Positive","Mature","Atrichoblast",0.095651896963527,0.0183711794745306,2.95457383899772,0.188221973760107,0.135802469135802,0.0357142857142857,2.76635186523761,"Mature",0.135802469135802,TRUE
"AT5G14700",NA,"Positive","Mature","Meristem",1.20248577053318,0.262610478989675,2.94613003470694,0.218471160377763,0.814814814814815,0.331468531468531,2.72765887432918,"Mature",0.814814814814815,TRUE
"AT1G66090","TN3","Positive","Mature","QC/Columella",0.365677744804344,0.0897372057801611,2.89088253302171,0.317017150329709,0.395061728395062,0.135802469135802,2.573865382692,"Mature",0.395061728395062,TRUE
"AT4G01090",NA,"Positive","Mature","Meristem",0.681272198946916,0.221465912719959,2.91289080590386,0.396683839320893,0.740740740740741,0.345454545454545,2.51620696658297,"Mature",0.740740740740741,TRUE
"AT1G63720",NA,"Positive","Mature","Stele",0.49391867132536,0.165018421268509,2.83587903318858,0.321589971221508,0.580246913580247,0.269461077844311,2.51428906196707,"Mature",0.580246913580247,TRUE
"AT1G78280","JMJ21","Positive","Mature","Mature-like",0.413338496419234,0.184806598992506,2.83614565808587,0.471162191258535,0.567901234567901,0.273775216138329,2.36498346682734,"Mature",0.567901234567901,TRUE
"AT2G21510",NA,"Positive","Mature","Trichoblast",0.0899754279267441,0.0322582108550634,2.71786988203548,0.44843016340719,0.123456790123457,0.138461538461538,2.26943971862829,"Mature",0.123456790123457,TRUE
"AT3G27540",NA,"Positive","Mature","QC/Columella",0.214544969158432,0.0956291570853558,2.79180463448918,0.599968619716832,0.320987654320988,0.166666666666667,2.19183601477235,"Mature",0.320987654320988,TRUE
"AT5G22540",NA,"Positive","Mature","Mature-like",0.0632219879842526,0.0266717346428788,2.68939194855408,0.795107899878435,0.123456790123457,0.0441882804995197,1.89428404867565,"Mature",0.123456790123457,TRUE
"AT1G56600","AtGolS2; GolS2","Positive","Mature","Stele",0.727684002928611,0.45744825976396,2.42102180228479,1.06886514101382,0.567901234567901,0.344311377245509,1.35215666127097,"Mature",0.567901234567901,TRUE
"AT3G22910","ACA13","Positive","Mature","Mature-like",1.41231001383382,0.951261483169948,2.34717802148049,1.29590751631841,0.864197530864197,0.664745437079731,1.05127050516208,"Mature",0.864197530864197,TRUE
"AT3G50970","LTI30; XERO2","Positive","Mature-like","Atrichoblast",3.52844461237552,2.30639606801271,2.52691629552076,0.793413497402378,0.97790585975024,0.949579831932773,1.73350279811838,"Mature-like",0.97790585975024,TRUE
"AT3G12580","ATHSP70; HSC70-4; HSP70; HSP70-4","Positive","QC/Columella","Mature-like",2.46172271168372,1.88669674098629,1.93234318423464,0.778201604859375,0.919753086419753,0.914505283381364,1.15414157937526,"QC/Columella",0.919753086419753,TRUE
"AT3G62990",NA,"Positive","Stele","Xylem",0.177038651619958,0.0162467657767376,3.00192702452114,-0.0748389250976791,0.176646706586826,0.0275229357798165,3.07676594961882,"Stele",0.176646706586826,TRUE
"AT1G49310",NA,"Positive","Stele","Trichoblast",0.391757665320508,0.0783285943097275,2.91715337944968,0.190275349844554,0.362275449101796,0.180769230769231,2.72687802960513,"Stele",0.362275449101796,TRUE
"AT2G23600","ACL; ATME8; ATMES2; ME8; MES2","Positive","Stele","Xylem",0.359525021940248,0.0900865637315617,2.9232564813845,0.441860716663118,0.431137724550898,0.114678899082569,2.48139576472138,"Stele",0.431137724550898,TRUE
"AT1G52890","ANAC019; ANAC19; NAC019","Positive","Stele","Endodermis",0.156921809709443,0.0686416800488231,2.68553265011999,0.813597876308784,0.188622754491018,0.0795454545454545,1.8719347738112,"Stele",0.188622754491018,TRUE
