"p_val","avg_log2FC","pct.1","pct.2","p_val_adj","cluster","gene","SYMBOL"
0,4.9776379391427,0.439,0.031,0,"0","AT1G71140","DTX14"
0,4.70429086704918,0.251,0.083,0,"0","AT5G16970","AER"
0,3.90011944222187,0.752,0.166,0,"0","AT5G50200","ATNRT3.1"
0,3.80480665303775,0.637,0.158,0,"0","AT2G38870",NA
0,3.67800488358636,0.433,0.051,0,"0","AT2G43000","ANAC042"
0,3.54308107501037,0.259,0.04,0,"0","AT1G02920","ATGST11"
0,3.4670837024446,0.853,0.337,0,"0","AT5G20230","ATBCB"
0,3.4107726282077,0.652,0.125,0,"0","AT1G74010",NA
0,3.36915778175257,0.759,0.381,0,"0","AT2G19800","MIOX2"
0,3.34863392735324,0.403,0.055,0,"0","AT1G21340",NA
0,8.03043364824084,0.294,0.038,0,"1","AT3G62680","ATPRP3"
0,7.48058392671661,0.412,0.031,0,"1","AT3G54590","ATHRGP1"
0,7.34265278386998,0.356,0.067,0,"1","AT4G40090","AGP3"
0,7.3203488925508,0.26,0.015,0,"1","AT1G48930","AtGH9C1"
0,7.27731124209275,0.277,0.028,0,"1","AT1G62980","ATEXP18"
0,7.24190567211531,0.315,0.035,0,"1","AT1G12560","ATEXP7"
0,7.20300435709363,0.637,0.074,0,"1","AT3G54580","EXT17"
0,7.00277574228979,0.356,0.012,0,"1","AT1G12040","LRX1"
0,6.96426242812146,0.302,0.013,0,"1","AT3G60280","UCC3"
0,6.90138759227933,0.388,0.072,0,"1","AT5G05500","AtPRPL1"
0,5.2164360099405,0.353,0.061,0,"2","AT1G65310","ATXTH17"
0,5.08894225177576,0.54,0.029,0,"2","AT3G20360",NA
0,5.03052646269631,0.387,0.029,0,"2","AT3G16370","GGL19"
0,4.54656651346804,0.7,0.277,0,"2","AT4G01630","ATEXP17"
0,4.4745090125159,0.628,0.138,0,"2","AT1G05660",NA
0,3.9870729567733,0.254,0.016,0,"2","AT1G53130","GRI"
0,3.83469794800203,0.376,0.212,0,"2","AT4G12545",NA
0,3.71185318610286,0.471,0.06,0,"2","AT5G06270","GIR1"
0,3.64665146706517,0.641,0.265,0,"2","AT1G70850","MLP34"
0,3.64371015782914,0.758,0.196,0,"2","AT2G33790","AGP30"
0,7.55793724108793,0.393,0.008,0,"3","AT5G66230",NA
0,7.42638223995008,0.283,0.003,0,"3","AT5G55520",NA
0,7.31872389526489,0.573,0.04,0,"3","AT4G31840","AtENODL15"
0,7.31291765352549,0.453,0.012,0,"3","AT3G51280",NA
0,7.27242478804385,0.429,0.023,0,"3","AT2G25060","AtENODL14"
0,7.22206800352785,0.29,0.006,0,"3","AT5G56120",NA
0,7.18292248960153,0.277,0.009,0,"3","AT3G52110",NA
0,7.07616511038158,0.279,0.005,0,"3","AT3G55660","ATROPGEF6"
0,7.0678758710344,0.313,0.005,0,"3","AT4G14330","PAKRP2"
0,7.046886544637,0.33,0.01,0,"3","AT2G42110",NA
0,4.21758293764398,0.674,0.082,0,"4","AT2G43480",NA
0,3.65962051142897,0.255,0.031,0,"4","AT4G03270","CYCD6;1"
0,3.22214185987306,0.41,0.043,0,"4","AT1G26870","ANAC009"
0,3.20802429019473,0.377,0.048,0,"4","AT4G35030",NA
0,3.17426531092639,0.602,0.15,0,"4","AT3G57950",NA
0,3.03314118188577,0.701,0.218,0,"4","AT4G11780","TRM10"
0,3.01127545940325,0.468,0.082,0,"4","AT1G44180",NA
0,3.01017655807622,0.333,0.049,0,"4","AT4G18335",NA
0,2.99857127119154,0.331,0.034,0,"4","AT5G39820","anac094"
0,2.99776786990636,0.495,0.107,0,"4","AT5G19160","TBL11"
0,3.70443782791323,0.784,0.089,0,"5","AT1G64220","TOM7-2"
0,3.49016686401289,0.641,0.07,0,"5","AT5G57980","RPB5C"
0,3.42739128123988,0.359,0.04,0,"5","AT3G09680","uS12z"
0,3.34740165112795,0.537,0.063,0,"5","AT5G59240","eS8y"
0,3.1639878227966,0.951,0.196,0,"5","AT3G15357",NA
0,3.06917563907553,0.422,0.048,0,"5","AT5G13830","AtTRM7c"
0,3.0150264399456,0.27,0.029,0,"5","AT1G24090","RNH1C"
0,2.85803708336749,0.744,0.118,0,"5","AT3G12860",NA
0,2.85002079034187,0.466,0.058,0,"5","AT3G49320",NA
0,2.82813419244841,0.371,0.039,0,"5","AT5G52170","HDG7"
0,8.841889797755,0.29,0.002,0,"6","AT4G23410","TET5"
0,8.68302454540627,0.566,0.006,0,"6","AT1G78090","ATTPPB"
0,8.40227892896491,0.281,0.003,0,"6","AT1G44800","SIAR1"
0,8.01146502082311,0.587,0.011,0,"6","AT3G45700","NPF2.4"
0,7.97038432833497,0.674,0.021,0,"6","AT2G18800","ATXTH21"
0,7.95778129086162,0.476,0.014,0,"6","AT1G26450",NA
0,7.92143372809768,0.605,0.023,0,"6","AT3G16330",NA
0,7.74014381060208,0.32,0.004,0,"6","AT3G11280",NA
0,7.63130665307976,0.278,0.006,0,"6","AT3G43270","PMEI-PME32"
0,7.60478939512049,0.746,0.031,0,"6","AT3G21770",NA
0,4.22168061907212,0.459,0.04,0,"7","AT5G13060","ABAP1"
0,4.15739355311499,0.357,0.025,0,"7","AT2G42260","PYM"
0,4.11780455532804,0.569,0.095,0,"7","AT3G14740",NA
0,4.01850322900866,0.707,0.16,0,"7","AT1G47210","CYCA3;2"
0,4.01721496435544,0.481,0.055,0,"7","AT1G04020","ATBARD1"
0,3.95060606575919,0.82,0.195,0,"7","AT3G27060","ATTSO2"
0,3.85019980020751,0.41,0.042,0,"7","AT5G43080","CYCA3;1"
0,3.84068324743323,0.975,0.282,0,"7","AT5G10400","H3.1"
0,3.82774833162105,0.527,0.048,0,"7","AT3G25100","CDC45"
0,3.69499031668476,0.565,0.076,0,"7","AT5G61000","ATRPA70D"
0,9.79952325312633,0.39,0.003,0,"8","AT3G18660","GUX1"
0,9.48459221025596,0.702,0.013,0,"8","AT5G03170","ATFLA11"
0,9.33722742809574,0.509,0.005,0,"8","AT5G60490","AtFLA12"
0,9.17280288585858,0.399,0.004,0,"8","AT1G63520",NA
0,9.00696903066459,0.592,0.011,0,"8","AT3G10080",NA
0,8.94925086212054,0.294,0.023,0,"8","AT4G35350","XCP1"
0,8.89122130658421,0.454,0.011,0,"8","AT2G40320","TBL33"
0,8.80191132357851,0.417,0.007,0,"8","AT1G79620","VRLK1"
0,8.7076806384945,0.606,0.015,0,"8","AT2G28410",NA
0,8.54629643158245,0.33,0.002,0,"8","AT1G14190",NA
0,10.8592194368823,0.585,0.002,0,"9","AT4G16270","PRX40"
0,9.75598600510921,0.301,0.001,0,"9","AT1G61590","PBL15"
0,9.63755956540785,0.653,0.006,0,"9","AT1G16390","ATOCT3"
0,9.20754797834297,0.42,0.012,0,"9","AT3G22620","LTPG20"
0,9.20075930338233,0.528,0.024,0,"9","AT3G22600","LTPG5"
0,9.11309114470118,0.682,0.008,0,"9","AT2G32300","UCC1"
0,8.83693556602391,0.784,0.057,0,"9","AT4G11290","PER39"
0,8.745143222114,0.267,0.007,0,"9","AT5G15290","CASP5"
0,8.59046416533186,0.795,0.069,0,"9","AT1G05260","PER3"
0,8.45836172022593,0.358,0.002,0,"9","AT2G16750",NA
0,9.14632389318107,0.432,0.011,0,"10","AT1G13620","ERF62"
0,8.68422967970119,0.475,0.005,0,"10","AT3G60650",NA
0,8.07394390116543,0.315,0.006,0,"10","AT3G53040",NA
0,8.02990767407467,0.426,0.004,0,"10","AT3G57670","NTT"
0,7.8928320259977,0.481,0.038,0,"10","AT4G34970","ADF9"
0,7.86188212805906,0.321,0.004,0,"10","AT4G09940","IAN12"
0,7.78928028562373,0.488,0.007,0,"10","AT1G17400","AtLAZY2"
0,7.62799884842773,0.395,0.003,0,"10","AT3G55550","LecRK-S.4"
0,7.29547588999712,0.469,0.012,0,"10","AT1G32900","GBSS1"
0,7.29255150470167,0.852,0.055,0,"10","AT2G04025","GLV7"
0,8.15408927472807,0.662,0.008,0,"11","AT1G62510",NA
0,7.7445412661891,0.615,0.006,0,"11","AT3G21670","AtNPF6.4"
0,7.74426952014727,0.77,0.011,0,"11","AT1G09750",NA
0,7.32926078037183,0.324,0.003,0,"11","AT1G62580","NOGC1"
0,7.25841501861,0.581,0.009,0,"11","AT5G18840",NA
0,6.82733304098266,0.872,0.047,0,"11","AT5G64620","ATC/VIF2"
0,6.79338087917102,0.709,0.009,0,"11","AT5G38550",NA
0,6.36503356580505,0.284,0.005,0,"11","AT5G07190","ATS3"
0,6.32751590752656,0.345,0.007,0,"11","AT5G20670",NA
0,6.30741049657397,1,0.276,0,"11","AT1G12090","ELP"
0,9.31754558681097,0.929,0.018,0,"12","AT3G06460","ELO1"
0,9.15493009765221,0.528,0.047,0,"12","AT1G47600","BGLU34"
0,9.0554440605616,0.307,0.029,0,"12","AT1G51470","BGLU35"
0,8.28199702847769,0.323,0.004,0,"12","AT2G23400","AtCPT2"
0,8.18002727763862,0.449,0.005,0,"12","AT2G32610","ATCSLB01"
0,8.12123827507603,0.992,0.142,0,"12","AT3G16440","ATMLP-300B"
0,7.68463104305131,0.441,0.013,0,"12","AT4G13890","EDA36"
0,7.51031090156529,1,0.05,0,"12","AT1G06090","ADS1.2"
0,7.47563845180564,0.465,0.016,0,"12","AT5G04200","AtMC9"
0,7.36141847238716,0.268,0.01,0,"12","AT1G26820","RNS3"
0,8.68553009421676,0.42,0.005,0,"13","AT3G13433",NA
0,8.28861131348827,0.296,0.004,0,"13","AT4G14450","HRML2"
0,7.99243086999842,0.543,0.008,0,"13","AT4G11070","AtWRKY41"
0,7.8957096763516,0.296,0.002,0,"13","AT1G21326",NA
0,7.77241518220017,0.506,0.011,0,"13","AT1G14540","PER4"
0,7.46982465795506,0.259,0.007,0,"13","AT1G14550",NA
0,7.4454597380516,0.333,0.008,0,"13","AT4G28460","PIP1"
0,7.39366074934766,0.272,0.003,0,"13","AT4G23170","CRK9"
0,6.88412513735214,0.852,0.059,0,"13","AT5G24110","ATWRKY30"
0,6.86667046829265,0.432,0.01,0,"13","AT1G58420",NA
