baseMean	log2FoldChange	lfcSE	stat	pvalue	padj	TAIR	SYMBOL	GENENAME
232.336188205165	-1.72444126887544	0.197209818719594	-8.74419580156584	2.24609654580068e-18	4.61460535334749e-14	AT1G04180	YUC9; YUCCA9	NA
5581.17322465189	-2.98604888635343	0.39852329151113	-7.49278385971083	6.74278911716879e-14	6.92653012061164e-10	AT4G39400	ATBRI1; BIN1; BRI1; CBB2; DWF2	Encodes a plasma membrane localized leucine-rich repeat receptor kinase involved in brassinosteroid signal transduction. BRI1 ligand is brassinolide which binds at the extracellular domain. Binding results in phosphorylation of the kinase domain which activates the BRI1 protein leading to BR responses. Residue T-1049 and either S-1044 or T-1045 were essential for kinase function in vitro and normal BRI1 signaling in planta. Although BAK1 and BRI1 alone localize in the plasma membrane, when BAK1 and BRI1 are coexpressed, the heterodimer BAK1/BRI1 they form is localized in the endosome. BRI1 appears to be involved in the autonomous pathway that regulates the transition to flowering, primarily through its effects on FLC expression levels, as uncovered by double mutant analyses. This most likely occurs as a result of BRI1-dependent effects on histone acetylation, but not histone triMeH3K4 methylation, at the FLC locus.
333.653553589733	2.04698210819202	0.296799306608867	6.89685609976712	5.31659874475204e-12	2.73073803027327e-08	AT1G56600	AtGolS2; GolS2	NA
167.721138525063	-2.54543998303942	0.384785655358979	-6.61521537403648	3.71011182388836e-11	1.27040412369644e-07	AT5G66985	HUP44	NA
390.732239594877	-2.70940826566846	0.436002256286823	-6.21420698310811	5.15844952782468e-10	1.51400493641654e-06	AT1G14960	NA	NA
348.69455308774	1.74668743756508	0.286409149859419	6.09857414968213	1.07018752859628e-09	2.74837534687631e-06	AT1G77380	AAP3; ATAAP3	Amino acid permease which transports basic amino acids.
342.966569300715	-1.0259510636015	0.179223580190013	-5.72442009312493	1.03787642769986e-08	2.13231712070936e-05	AT1G72470	ATEXO70D1; EXO70D1	A member of EXO70 gene family, putative exocyst subunits, conserved in land plants. Arabidopsis thaliana contains 23 putative EXO70 genes, which can be classified into eight clusters on the phylogenetic tree.
563.465619764014	-1.19358562700619	0.212397224840463	-5.6195914419443	1.91409551344129e-08	3.57500839305921e-05	AT1G69810	ATWRKY36; WRKY36	member of WRKY Transcription Factor; Group II-b
196.39458751584	1.99115016290122	0.36254764776876	5.49210614151112	3.97168562243046e-08	6.79985675940282e-05	AT2G36640	ATECP63; ECP63	Encodes putative phosphotyrosine protein belonging to late embryogenesis abundant (LEA) protein in group 3 that might be involved in maturation and desiccation tolerance of seeds. RFLP and CAPS mapping place it on chromosome 4 but the nucleotide sequence maps it to chromosome 2.
674.16801091772	2.06978503389309	0.382400121961474	5.41261604017379	6.21105785354223e-08	9.81586027700193e-05	AT2G44130	KFB39; KMD3	NA
858.001971567585	-2.09861229382896	0.392113444104485	-5.35205391547288	8.6961478228251e-08	0.000119108238013294	AT3G27170	ATCLC-B; CLC-B	member of Anion channel protein family
765.751847449551	-1.00096049712863	0.197013953084304	-5.08065789990172	3.76129942688753e-07	0.000406715245923181	AT3G11340	UGT76B1	NA
37.6614419316166	-2.82755926578352	0.559882251063971	-5.05027487549422	4.41174766997062e-07	0.000431615980378792	AT2G44340	VQ18	NA
597.041138589848	-1.6049516467354	0.317705265048748	-5.05169987185808	4.37895388844413e-07	0.000431615980378792	AT4G11210	NA	NA
2082.67263792145	2.44781364481874	0.490266605502666	4.99282149211247	5.95035495919727e-07	0.000531521924507425	AT5G28510	BGLU24	NA
105.185632405394	2.49406633150789	0.50618242186517	4.92720849988786	8.34127318676121e-07	0.000685485830488036	AT5G09640	SCPL19; SNG2	encodes a serine carboxypeptidase-like (SCPL) protein. Mutants accumulate sinapoylglucose instead of sinapoylcholine, and have increased levels of choline and decreased activity of the enzyme sinapoylglucose:choline sinapoyltransferase.
167.457129538503	-1.24700444964257	0.252901522586474	-4.93079059741993	8.18974873508508e-07	0.000685485830488036	AT4G01720	AtWRKY47; WRKY47	member of WRKY Transcription Factor; Group II-b
358.007196162835	-1.58180374786453	0.322312674451765	-4.90766846372109	9.21654802433966e-07	0.000700051836141096	AT1G72300	PSY1R	Encodes a leucine-rich repeat receptor kinase (LRR-RK) involved in the perception of PSY1.  PSY1 is an 18-aa tyrosine-sulfated glycopeptide encoded by AT5G58650 that promotes cellular proliferation and expansion.
384.904732917477	-1.56864995721748	0.321483882161098	-4.87940467395317	1.06406537428783e-06	0.000753835279818738	AT5G42500	NA	NA
358.764036553023	-1.44642788019455	0.297777025120422	-4.85741933787408	1.18925559095949e-06	0.000814441870542093	AT1G70890	MLP43	NA
156.834446469647	-2.00945325466858	0.425836218150547	-4.71884064581413	2.37192525106164e-06	0.00147670316009277	AT4G01140	NA	NA
2185.74779072056	-1.036786264475	0.221107223084741	-4.68906555837682	2.74455456936125e-06	0.00165843745963315	AT1G29050	TBL38	Encodes a member of the TBL (TRICHOME BIREFRINGENCE-LIKE) gene family containing a plant-specific DUF231 (domain of unknown function) domain. TBL gene family has 46 members, two of which (TBR/AT5G06700 and TBL3/AT5G01360) have been shown to be involved in the synthesis and deposition of secondary wall cellulose, presumably by influencing the esterification state of pectic polymers. A nomenclature for this gene family has been proposed (Volker Bischoff & Wolf Scheible, 2010, personal communication).
339.627813821723	-1.61168250916166	0.344862326052216	-4.67340845145735	2.96241786869151e-06	0.0017168787745934	AT5G36180	scpl1	NA
312.960490658264	2.42051842957844	0.518285073926508	4.67024529809566	3.00840281749147e-06	0.0017168787745934	AT5G52400	CYP715A1	member of CYP715A
189.940172279196	-1.16748300896808	0.250573595757249	-4.65924195021378	3.17375985010405e-06	0.00176229448974021	AT5G48290	NA	NA
81.780270703573	-1.52068850855787	0.328768870535472	-4.62540296494951	3.73870809834382e-06	0.00202136204948615	AT2G35910	ATL70	NA
196.974385003388	2.57297330752297	0.560599355237301	4.58968295893568	4.43919748827925e-06	0.00228048395935123	AT2G20350	NA	encodes a member of the ERF (ethylene response factor) subfamily B-6 of ERF/AP2 transcription factor family. The protein contains one AP2 domain. There are 12 members in this subfamily including RAP2.11.
92.7176394738167	-2.53455956374412	0.560660100995043	-4.52067047261943	6.1644081218057e-06	0.0029704979620813	AT5G20710	BGAL7	NA
1502.5640695453	-1.34409110888543	0.297497155360752	-4.51799650741382	6.24275137560612e-06	0.0029704979620813	AT5G24030	SLAH3	Encodes a protein with ten predicted transmembrane helices. The SLAH3 protein has similarity to the SLAC1 protein involved in ion homeostasis in guard cells. Although it is not expressed in guard cells, it can complement an slac1-2 mutant suggesting that it performs a similar function. SLAH3:GFP localizes to the plasma membrane.
322.177163549674	-1.64996424146849	0.3655218564972	-4.51399611853616	6.36173815193854e-06	0.0029704979620813	AT2G25150	NA	NA
5789.20480415057	-1.38879120045859	0.308297105634346	-4.50471695996315	6.64614655403251e-06	0.00303433513227995	AT4G15390	NA	NA
634.36457325358	-1.00315655566098	0.223375162609205	-4.49090464644007	7.09212986498325e-06	0.00310540847580935	AT5G05790	NA	NA
111.132774681856	2.82992118569744	0.630195511489299	4.49054481363993	7.10412257790408e-06	0.00310540847580935	AT4G23220	CRK14	Encodes a cysteine-rich receptor-like protein kinase.
1480.69276143264	1.12814765520209	0.252876096945442	4.46126648121072	8.14766979419947e-06	0.00338305147867283	AT3G12580	ATHSP70; HSC70-4; HSP70; HSP70-4	NA
514.648852592994	1.7784453004215	0.398588998575619	4.46185245146472	8.12541679515209e-06	0.00338305147867283	AT4G17250	NA	NA
93.6598900869438	-1.71456459678125	0.389202397349821	-4.40532897139423	1.05623459878153e-05	0.00417314227537818	AT1G28660	GGL2; GGL4	NA
165.686150346243	-1.8365609541852	0.417647940961943	-4.39739017976518	1.0956028772074e-05	0.0042470115306087	AT4G23550	ATWRKY29; WRKY29	Encodes WRKY DNA-binding protein 29 (WRKY29).
635.247822502446	-1.22803934235111	0.280692101127188	-4.37504061361049	1.21409871422628e-05	0.00461547314509451	AT5G43350	ATPT1; PHT1;1; PT1	Encodes an inorganic phosphate transporter Pht1;1.  Mutants display enhanced arsenic accumulation.  Members of the Pht1 family of phosphate transporters include: Pht1;1/At5g43350, Pht1;2/At5g43370, Pht1;3/At5g43360, Pht1;4/At2g38940, Pht1;5/At2g32830, Pht1;6/At5g43340, Pht1;7/At3g54700, Pht1;8/At1g20860, Pht1;9/At1g76430 (Plant Journal 2002, 31:341).
252.891222703855	-1.35719708816369	0.311369673891166	-4.35879663938651	1.30779566524803e-05	0.00479797534687872	AT5G04960	PME46; PMEI-PME46	NA
449.637723018255	1.14984778400462	0.265899693823369	4.32436670938191	1.52970658813554e-05	0.00551365295670957	AT1G63720	NA	NA
157.787875812932	-1.39804306627639	0.32418228015069	-4.31252154074101	1.6140315165821e-05	0.00571728922554814	AT4G28890	ATL42	NA
14098.845322861	1.1213419588549	0.26055558216275	4.30365739834536	1.68001393738448e-05	0.00585015022772273	AT3G50970	LTI30; XERO2	Belongs to the dehydrin protein family, which contains highly conserved stretches of 7-17 residues that are repetitively scattered in their sequences, the K-, S-, Y- and lysine rich segments.  LTI29 and LTI30 double overexpressors confer freeze tolerance. Located in membranes. mRNA upregulated by water deprivation and abscisic acid.
1141.46390633192	1.52708955133207	0.357747721124942	4.26862132491052	1.9668483982651e-05	0.0066244098921896	AT4G10310	ATHKT1; HKT1; HKT1;1	encodes a sodium transporter (HKT1) expressed in xylem parenchyma cells. Mutants over-accumulate sodium in shoot tissue and have increased sodium in the xylem sap and reduced sodium in phloem sap and roots.
809.864298544756	-1.22616087305977	0.288468950071683	-4.25058181393551	2.13215934117354e-05	0.00665776686554831	AT1G70690	HWI1; PDLP5	Encodes a plasmodesmal protein that may be involved in the intercellular movement of molecules through the plasmodesmata. The protein has two DUF26 domains and a single transmembrane domain.
15099.736571663	1.82568231002151	0.429924580553514	4.24651762797793	2.17118705277068e-05	0.00665776686554831	AT1G78280	JMJ21	NA
5238.20225117398	1.66389571460326	0.391268507415273	4.25256743916087	2.11333544088212e-05	0.00665776686554831	AT5G63770	ATDGK2; DGK2	a member of the diacylglycerol kinase gene family. Encodes a functional diacylglycerol kinase. Involved in root elongation and plant development. Gene expression is induced by wounding or cold.
5401.572186785	1.59257235202094	0.374893561421997	4.24806536015238	2.15624493320425e-05	0.00665776686554831	AT4G01090	NA	NA
37.7135635186243	-2.49712806100537	0.589230151286187	-4.23795023990978	2.2556974547914e-05	0.00681519179539548	AT4G01680	AtMYB55; MYB55	Encodes a putative transcription factor (MYB55).
7724.57041979662	2.21404146389508	0.525158197727726	4.21595144753501	2.48727274283969e-05	0.00719732654952697	AT1G17420	ATLOX3; LOX3	Lipoxygenase
151.78705371066	-1.21600938788874	0.288426509034548	-4.21601118412829	2.48661433163157e-05	0.00719732654952697	AT5G02350	NA	NA
717.080771870753	-1.08867639815058	0.258839987377099	-4.20598227183697	2.59950611182819e-05	0.00731600726952195	AT1G09090	ATRBOHB; ATRBOHB-BETA; RBOHB	NADPH-oxidase AtrbohB plays a role in seed after-ripening. Major producer of superoxide in germinating seeds. AtrbohB  pre-mRNA is alternatively spliced in seeds in a hormonally and developmentally  regulated manner. ABA caused accumulation of AtrbohB- mRNA and prevented prevented AtrbohB-a mRNA expression in fresh seeds.
40.4019461119023	-1.88752530766593	0.448769477584942	-4.20600197193373	2.59927965081669e-05	0.00731600726952195	AT5G14340	AtMYB40; MYB40	Member of the R2R3 factor gene family.
539.052112157701	-1.14338710104547	0.272498993825245	-4.19593146013128	2.71752424546834e-05	0.00744407118700766	AT1G72430	SAUR78	NA
112.752883723641	2.57289296233075	0.61411650580223	4.18958444858885	2.7946576452588e-05	0.00745665471712235	AT2G44070	NA	NA
385.229695009188	1.94512669123876	0.467396981517453	4.16161586008473	3.16003601414144e-05	0.00811536748881699	AT1G56060	AthCYSTM3	NA
95.1228004382517	-1.47938200481162	0.359195585163006	-4.1185974046431	3.81185441552871e-05	0.0094354878273539	AT5G27100	ATGLR2.1; GLR2.1	member of Putative ligand-gated ion channel subunit family
195.136454117715	1.77396540582496	0.430703494672786	4.11876250777272	3.80912472875628e-05	0.0094354878273539	AT3G14560	NA	NA
20.240983515357	5.27746696756133	1.28236978618906	4.11540183213835	3.86505472584125e-05	0.00945327968362005	AT3G47660	PRAF2	NA
59.9776479452113	-1.37469090396726	0.336143348773217	-4.08959721792596	4.32122922944282e-05	0.010444665237518	AT5G38100	NA	NA
823.784649629238	-1.39968565107729	0.34293693450937	-4.08146662032707	4.47524056827585e-05	0.0106911415668869	AT5G48430	NA	NA
382.727370971321	-1.01139711479932	0.248156379062693	-4.07564423134901	4.58871297221455e-05	0.010836219311971	AT5G52870	MAKR5	NA
585.929250087527	-1.13679801947236	0.279479963132708	-4.06754747900323	4.75105303630276e-05	0.0110920891625955	AT2G44940	ERF34	encodes a member of the DREB subfamily A-4 of ERF/AP2 transcription factor family. The protein contains one AP2 domain. There are 17 members in this subfamily including TINY.
1412.36886969829	-1.40061975574422	0.344754027822117	-4.06266393634972	4.85158525321729e-05	0.011199530227792	AT3G09220	LAC7	putative laccase,  a member of laccase family of genes (17 members in Arabidopsis).
731.998206981608	-1.06352038769506	0.264133254083098	-4.02645396312149	5.6624319527493e-05	0.0129260738299149	AT2G39430	NA	NA
56.5199204439763	-1.88659649266484	0.470436968503463	-4.01030662761563	6.06399462597781e-05	0.0135418227815994	AT4G08620	SULTR1;1	Encodes a sulfate transporter. Contains STAS domain. Expressed in roots and guard cells. Up-regulated by sulfur deficiency.
376.88040185296	-2.0267872267625	0.505800649264768	-4.00708704053393	6.14722135704221e-05	0.0135800712667131	AT4G12545	NA	NA
36.4282272497703	3.57169096407992	0.901903564756771	3.96016947226852	7.48965921398892e-05	0.0157015355664696	AT5G44310	NA	NA
4831.24254249821	1.28268935107574	0.323794686376341	3.96142804389597	7.45028350395366e-05	0.0157015355664696	AT5G15960	KIN1	cold and ABA inducible protein kin1, possibly functions as an anti-freeze protein. Transcript level of this gene is induced by cold, ABA, dehydration and osmoticum (mannitol). However, protein activity of GUS fused to the promoter of this gene is inhibited by cold treatment, suggesting an inhibition of the protein by increased transcript level.
683.224058927774	1.75684913329933	0.443539312642385	3.96097726452453	7.46436404455657e-05	0.0157015355664696	AT2G21510	NA	NA
651.893826206833	-1.24783623311178	0.316799310649365	-3.93888556939725	8.18609589548223e-05	0.0168183340172682	AT4G36220	CYP84A1; F5H; FAH1	encodes ferulate 5-hydroxylase (F5H). Involved in lignin biosynthesis.
460.893788589573	-1.64878645824955	0.419352636837524	-3.93174219836459	8.43324752403396e-05	0.0171545614238889	AT3G07600	NA	NA
146.286632632811	1.11604910187865	0.284463453691324	3.92334792886855	8.73268948791319e-05	0.0173405707072884	AT1G66950	ABCG39; ATPDR11; PDR11	NA
70.0563630689713	2.08838035316228	0.53337587327926	3.91540086041512	9.02541261224677e-05	0.0176597240112962	AT3G62990	NA	NA
1710.34978816698	1.70467520381942	0.436205106604468	3.9079670962338	9.30759781925086e-05	0.0178280482360844	AT5G10100	TPPI	NA
140.301560088103	-1.91310329099706	0.489923427889642	-3.90490264823179	9.42633238271437e-05	0.0178280482360844	AT4G04745	NA	NA
58.2985727054868	1.91943434617527	0.49395145743435	3.88587647082786	0.000101961347125032	0.0183688639413774	AT5G57030	LUT2	Lutein-deficient 2 (LUT2) required for lutein biosynthesis, member of the xanthophyll class of carotenoids. Encodes lycopene epsilon cyclase
138.370820293687	-1.10743054521859	0.285292561160272	-3.88173649083145	0.00010371322546604	0.0183688639413774	AT2G28650	ATEXO70H8; EXO70H8	A member of EXO70 gene family, putative exocyst subunits, conserved in land plants. Arabidopsis thaliana contains 23 putative EXO70 genes, which can be classified into eight clusters on the phylogenetic tree.
190.310600760468	-1.05256696817149	0.27109740219833	-3.88261547191607	0.000103338916120595	0.0183688639413774	AT2G43060	AtIBH1; IBH1	NA
652.46247836429	1.40788682844608	0.36206309936117	3.88851233646891	0.000100860544591393	0.0183688639413774	AT4G27410	ANAC072; ANAC72; AtRD26; RD26	Encodes a NAC transcription factor induced in response to dessication. It is localized to the nucleus and acts as a transcriptional activator in ABA-mediated dehydration response.
18.7343437584641	3.25463681600375	0.842440019572486	3.86334544939518	0.000111844665654855	0.0194732936938898	AT5G03620	NA	NA
941.085472386813	-1.09240967140652	0.282924308372258	-3.86113755191788	0.000112860339971572	0.0194850057539156	AT3G20940	CYP705A30	a member of A-type cytochrome P450
544.122480098498	2.20410368097024	0.571638697736211	3.85576359630458	0.000115368939075913	0.0197521237776219	AT1G66090	TN3	NA
51.7816482646138	-1.71128330914388	0.445970199390131	-3.83721448537163	0.000124437781048016	0.019973236028371	AT1G66440	NA	NA
1300.71468225116	2.30539455957688	0.599435765325269	3.84594095470081	0.000120090681955013	0.019973236028371	AT5G43650	BHLH92	NA
952.406740940947	-1.138894860995	0.296753455765614	-3.83784868842281	0.000124116919732999	0.019973236028371	AT5G53250	AGP22; ATAGP22	NA
15.6091319676294	-2.88485967121794	0.751384517117395	-3.83939195644513	0.000123339391591063	0.019973236028371	AT3G09290	TAC1	encodes activation factor TAC1 which mediates telomerase activity
189.317618351626	-1.31163356369142	0.34171277014259	-3.8384095600059	0.00012383380889026	0.019973236028371	AT4G18430	AtRABA1e; RABA1e	NA
84.9392817630507	2.29335120801622	0.599784937005236	3.82362254621977	0.000131505183930983	0.0206242290371149	AT1G32960	ATSBT3.3; SBT3.3	NA
352.776548824829	1.71187588960037	0.447508387805263	3.82534928115203	0.000130586807879293	0.0206242290371149	AT2G31690	DALL5	encodes a triacylglycerol lipase located in plastoglobuli and involved in the degradation of triacylglycerol. It also has impact on leaf senescence and maintaining the structural integrity of thylakoids.
298.356866775459	1.19584804590202	0.312517260798395	3.82650239173019	0.000129976887239906	0.0206242290371149	AT2G23600	ACL; ATME8; ATMES2; ME8; MES2	Encodes a protein shown to have carboxylesterase activity, methyl salicylate esterase activity, methyl jasmonate esterase activity, and methyl IAA esterase activity in vitro. MES2 appears to be involved in MeSA hydrolysis in planta. This protein does not act on MeGA4, or MEGA9 in vitro.
702.769636223717	-1.47996729637104	0.387469131823709	-3.81957470884261	0.000133681966578427	0.0208067879041953	AT1G65310	ATXTH17; XTH17	Encodes a xyloglucan endotransglucosylase/hydrolase with only only the endotransglucosylase (XET; EC   2.4.1.207) activity towards xyloglucan and non-detectable endohydrolytic (XEH; EC 3.2.1.151) activity. Expressed in the mature or basal regions of both the main and lateral roots, but not in the tip of these roots where cell division occurs.
181.694994822844	1.08743138840695	0.285213085242874	3.81269810072335	0.000137457975624329	0.0212336399188109	AT1G49310	NA	NA
492.810503391836	-1.1890605983947	0.312080051083728	-3.81011408536231	0.000138902678990004	0.0212966831332062	AT3G22240	AthCYSTM9	NA
95.9386408512631	-1.62860208922019	0.430834203100981	-3.78011327210822	0.000156757026925929	0.0236806846925972	AT2G41380	NA	NA
2935.22225579531	1.7574067361109	0.466710667825044	3.76551653361757	0.000166205124232335	0.0246669491811315	AT5G20230	ATBCB; BCB; SAG14	Al-stress-induced gene
1994.92045656781	1.27407457950215	0.33886978883054	3.75977623705868	0.00017006540127925	0.0249570976377299	AT3G22910	ACA13	NA
31.6487609802221	-1.79040617492877	0.477472769828114	-3.74975556317756	0.00017700702416307	0.0257915554002146	AT5G20045	NA	NA
55.4407056616002	-1.60672066418207	0.428717876867131	-3.74773423474483	0.000178439174325366	0.0258171326515115	AT1G26970	PBL4	NA
158.793038570787	-1.17919366081855	0.314891724250686	-3.74475913466623	0.000180566922659352	0.0259128336137263	AT1G06180	ATMYB13; ATMYBLFGN; MYB13	member of MYB3R- and R2R3- type MYB- encoding genes
1069.8719949725	1.04650165006307	0.27956701200299	3.74329447013542	0.00018162317061945	0.0259128336137263	AT5G04370	NAMT1	A member of the Arabidopsis SABATH methyltransferase gene family.  Encodes NAMT1, a methyltransferase that methylates nicotinic acid.
674.097030057685	-1.1873332596431	0.317759987925574	-3.73657258547355	0.000186545616568344	0.0262505458383331	AT2G32560	NA	NA
9781.68126534703	-1.10325288077999	0.296130038530605	-3.72556896373742	0.000194875163090553	0.0272361239843225	AT4G17340	DELTA-TIP2; TIP2;2	NA
983.492760577306	-1.09600758300743	0.294704163293993	-3.71900950009339	0.000200005530354756	0.0275779437660299	AT5G57480	NA	NA
469.344151437961	1.63267619578967	0.438968707721004	3.71934529061546	0.000199739845391853	0.0275779437660299	AT5G07985	NA	NA
165.17102152646	1.4735045454021	0.397077018829048	3.71087843297342	0.000206541279810792	0.0282892706247515	AT1G52890	ANAC019; ANAC19; NAC019	encodes a NAC transcription factor whose expression is induced by drought, high salt, and abscisic acid. This gene binds to ERD1 promoter in vitro.
379.410421036609	-1.32498070067296	0.357692879955727	-3.70424119383355	0.000212024450473951	0.0284708649345577	AT4G35060	AtHMP39; HIPP25	NA
214.615517761757	-1.23044033768659	0.332644778517514	-3.69896182699831	0.00021648315375327	0.0288808207393567	AT4G17670	NA	NA
108.205904460592	2.03926122876378	0.555477101142857	3.67118864948373	0.00024142505443646	0.031392897110108	AT1G11925	NA	Encodes a Stigma-specific Stig1 family protein
111.168788464155	-1.33443462092489	0.364709759871042	-3.65889473700054	0.000253305349275194	0.0325260123869707	AT5G13910	LEP	Encodes a member of the ERF (ethylene response factor) subfamily B-1 of ERF/AP2 transcription factor family (LEAFY PETIOLE). The protein contains one AP2 domain. There are 15 members in this subfamily including ATERF-3, ATERF-4, ATERF-7, and LEAFY PETIOLE.  Acts as a positive regulator of gibberellic acid-induced germination.
64.578207410106	-1.24877244600657	0.343064720157931	-3.64004915874675	0.000272585994823605	0.0347843432524905	AT1G44050	NA	NA
1621.75344719271	-1.44488263368016	0.397313236203722	-3.63663352242133	0.000276224488707716	0.0350310624722224	AT5G42590	CYP71A16; MRO	putative cytochrome P450
2479.71572448994	1.52585937558067	0.421385977283204	3.62104924662735	0.000293410652142279	0.0365340718076553	AT5G22690	NA	NA
131.981554539169	-1.17505068535868	0.325514989510858	-3.60982050972336	0.000306408956961374	0.0374712620284013	AT5G51500	PMEI-PME60	NA
54.8319305427967	-2.51565847516007	0.697920290279294	-3.60450686159784	0.000312746186923338	0.0380199432564495	AT4G08040	ACS11	encodes an aminotransferase that belongs to ACC synthase gene family structurally
8207.0942530344	1.45248411028131	0.403313761459337	3.6013750312553	0.000316538570368238	0.0382546172247967	AT5G01040	LAC8	putative laccase, knockout mutant showed early flowering
53.7578683862037	-1.78488937208167	0.496686927806429	-3.59359039297545	0.000326152427299774	0.0391859743793793	AT1G18860	ATWRKY61; WRKY61	member of WRKY Transcription Factor; Group II-b
1749.69855546864	1.87865812025226	0.523708174262113	3.58722321433922	0.000334218203596401	0.0399215871679538	AT5G14700	NA	NA
501.077857340851	-1.21117622460744	0.338145612846505	-3.58181853791262	0.000341210772329129	0.0405212446098379	AT5G09978	PEP7	NA
92.3009629939385	2.01801920633086	0.564923147620876	3.57220130707968	0.000353993127996172	0.0415587932267506	AT3G21320	NA	NA
138.635132214708	1.6839930189871	0.473663664717968	3.55525058057767	0.000377619023722969	0.0431010157910466	AT5G22540	NA	NA
10.2397516459755	5.69629670436994	1.6021378461929	3.55543483221861	0.000377354472339212	0.0431010157910466	AT3G59620	NA	NA
5686.47874533643	1.63975511113845	0.461420313162819	3.55371244906559	0.000379834270988455	0.0431143375550155	AT3G48520	CYP94B3	member of CYP94B
72.7326639168192	1.38928413584717	0.391842706648654	3.5455148514296	0.000391846905991008	0.0439917742272419	AT1G65500	STMP6	NA
51.2886907751208	-1.72008297926752	0.488539733279614	-3.52086608743252	0.000430139783559108	0.0453719966870977	AT1G66930	LRK10L2	NA
700.1926410938	2.29700145851768	0.653310575605544	3.51594103063252	0.000438198299655099	0.0453719966870977	AT1G09930	ATOPT2; OPT2	oligopeptide transporter
46.9009478573856	-1.343442975401	0.381702103175094	-3.51961114236967	0.000432179919652288	0.0453719966870977	AT5G57540	AtXTH13; XTH13	Encodes a xyloglucan endotransglucosylase/hydrolase with only only the endotransglucosylase (XET; EC   2.4.1.207) activity towards xyloglucan and non-detectable endohydrolytic (XEH; EC 3.2.1.151) activity.
28.5456941758538	-2.58232156115238	0.733025110517079	-3.52282824162845	0.000426967965385684	0.0453719966870977	AT3G02240	GLV4; RGF7	Encodes a root meristem growth factor (RGF).  Belongs to a family of functionally redundant homologous peptides that are secreted, tyrosine-sulfated, and expressed mainly in the stem cell area and the innermost layer of central columella cells. RGFs are required for maintenance of the root stem cell niche and transit amplifying cell proliferation.  Members of this family include: At5g60810 (RGF1), At1g13620 (RGF2), At2g04025 (RGF3), At3g30350 (RGF4), At5g51451 (RGF5), At4g16515 (RGF6), At3g02240 (RGF7), At2g03830 (RGF8) and At5g64770 (RGF9).
1716.2366237906	1.19651550278847	0.339983247275229	3.51933665078459	0.000432627356906021	0.0453719966870977	AT3G27540	NA	NA
1663.00773131979	1.16965896343649	0.332415099744716	3.5186697726269	0.000433716209432134	0.0453719966870977	AT4G01870	NA	NA
673.347520590818	-1.14621712862678	0.326268641680191	-3.51310847013701	0.000442896627567773	0.0454965560668994	AT5G46900	NA	NA
40.0200079694877	2.14908891736074	0.613471437534875	3.50316051550251	0.000459772310481201	0.0466651120951702	AT3G51810	AT3; ATEM1; EM1; GEA1	Encodes a ABA-inducible protein that accumulates during seed maturation, in parallel with its corresponding mRNA but with a 3 d delay. During germination, AtEm1 protein undergoes two successive cleavages before being degraded. Both proteins are more stable than the corresponding mRNA.  The gene can be activated by the basic leucine zipper transcription factor ABI5. Expressed predominantly in provascular tissues with the strongest expression in the root tip.
142.370205669298	-1.06216999738096	0.30327838588643	-3.50229375653139	0.000461270745496334	0.0466651120951702	AT2G47360	NA	NA
252.680826890341	1.10888735127785	0.317154932956488	3.49635851771532	0.00047165453606276	0.0472689875288263	AT2G33110	ATVAMP723; VAMP723	member of VAMP72 Gene Family
85.984882623561	1.40238508250906	0.40125673705712	3.49498202271786	0.000474093686761463	0.0472827902646323	AT1G30190	NA	NA
1025.30516918336	-1.05864280865325	0.3032903446726	-3.49052591765179	0.000482070852079771	0.0478461142800913	AT3G55230	NA	NA
32.0105162662343	-2.86084454634663	0.821458663810854	-3.48263969007862	0.00049649611306424	0.0490409261678115	AT2G40250	NA	NA
52.0390850034082	-1.38806061147263	0.399108365375339	-3.4779040779244	0.000505350730947539	0.0493726630679498	AT5G11570	NPF1.3	NA
